country_code,year,gdp_per_capita,inflation,unemployment,gdp_growth,fiscal_balance,current_account
ARG,1990,4315.33403111588,,,-2.46721377810472,-0.107803024709003,3.22031448392387
ARG,1991,5709.24784079504,,5.44,9.13311056738961,-0.229466322749109,-0.341028912950146
ARG,1992,6789.99611136495,,6.36,7.93729155643076,0.264562866283836,-2.42494134682425
ARG,1993,6931.85596375876,,10.1,8.20697907221228,0.483203369491258,-3.46617829462144
ARG,1994,7437.56242327594,,11.76,5.83620070368526,-0.32605655686762,-4.26485898465452
ARG,1995,7357.6162773788,,18.8,-2.84520961057079,-1.71796687810705,-1.98346027350929
ARG,1996,7663.21271287469,,17.11,5.52668982715234,-2.33400912549065,-2.4875930110115
ARG,1997,8146.78710021431,,14.82,8.1110467707457,-1.65752119620705,-4.14468006629108
ARG,1998,8218.99212764682,,12.65,3.85017885156228,-1.58616081545886,-4.84431604541957
ARG,1999,7705.54288252851,,14.05,-3.38545704063269,-2.92441883021836,-4.21229506178183
ARG,2000,7637.01489203628,,15.0,-0.78899893905691,-2.77220128165093,-3.15992237703676
ARG,2001,7141.47507662826,,17.32,-4.40883968258557,-3.31954145332982,-1.40694788500181
ARG,2002,2569.69963519124,,19.59,-10.8944848285903,-5.70628319150298,8.97078467784247
ARG,2003,3320.47775133903,,15.36,8.83704079576924,-2.82936804297577,6.37990680177011
ARG,2004,4242.02099089422,,13.522,9.02957330068152,-0.425276316786125,1.95058324319273
ARG,2005,5067.65342293276,,11.506,8.85165992013437,,2.65363142179073
ARG,2006,5869.38028970204,,10.078,8.04715150043027,,2.79449564264943
ARG,2007,7185.25155147027,,8.47,9.00765087504757,,2.1036160391819
ARG,2008,8944.1102657357,,7.837,4.05723310346406,,1.49940141614234
ARG,2009,8150.23527028221,,8.645,-5.91852507634947,,2.1785669619099
ARG,2010,10260.1313108254,,7.714,10.1253981561002,,-0.383118699737132
ARG,2011,12704.2831819684,,7.18,6.00395169280579,,-1.00728084144866
ARG,2012,12949.717486654,,7.217,-1.0264204544321,,-0.39159512386959
ARG,2013,12963.675773326,,7.1,2.40532378079436,,-2.37749566620572
ARG,2014,12233.1444119186,,7.268,-2.51261532081394,-2.90614606577065,-1.74400211981355
ARG,2015,13679.6264980954,,7.577,2.73115982828944,-3.39011034719535,-2.96292666513533
ARG,2016,12699.9623137756,,8.088,-2.08032784377811,-5.33377782706346,-2.70922168361454
ARG,2017,14532.5009308511,,8.347,2.81850297775918,-5.51824569508007,-4.8399592180739
ARG,2018,11752.7998922979,34.2772237131003,9.22,-2.61739646282038,-5.33635226717988,-5.16055257152295
ARG,2019,9955.97478680428,53.5483043492339,9.843,-2.00086100285785,-4.92889704924096,-0.779998447561847
ARG,2020,8535.59938004389,42.0150947376509,11.461,-9.9004848136464,-8.6954919523039,0.696935361136029
ARG,2021,10738.0179223384,48.4093786255199,8.736,10.4418119882506,-4.37239542495983,1.36154422203441
ARG,2022,13962.1894087223,72.430757531824,6.805,6.02074537534855,-4.42708731934181,-0.62525456692328
ARG,2023,14261.8465667948,133.488935594175,6.139,-1.85578803046339,-3.59487367618527,-3.1951463789585
ARG,2024,13969.7836603737,219.883929014578,7.15,-1.34293072157739,0.0769698346455985,0.893118418089374
AUS,1990,18273.561526468,7.33302368375269,,3.57297569098456,1.65358391673103,-4.98086922325911
AUS,1991,18885.4274465057,3.17666872277308,9.586,-0.384631357046658,0.0930525566610723,-3.24314665991034
AUS,1992,18650.3675476612,1.01222824105977,10.733,0.433065864126704,-2.72981421409614,-3.16375565878707
AUS,1993,17724.5399501656,1.75365751770527,10.879,4.04583374101011,-3.8174837247779,-2.97199182738191
AUS,1994,18155.6282000179,1.96963507094102,9.724,3.97884434177331,-3.63824296041396,-4.90706698315176
AUS,1995,20479.1748274233,4.62776445368168,8.473,3.89017188961647,-3.21829081411763,-5.06318585541185
AUS,1996,22055.838490507,2.61537902431631,8.509,3.86567479160071,-1.73126180899116,-3.58360337747536
AUS,1997,23683.4948964934,0.224895027032537,8.367,3.91795814771731,-0.402308024816468,-2.72974894003095
AUS,1998,21516.0403147759,0.860129922016289,7.684,4.67681373479508,1.98745283802031,-4.44111787888724
AUS,1999,20749.6443779096,1.48313946657267,6.876,5.02822035850596,0.550956226913056,-5.58366414929506
AUS,2000,21908.9968019784,4.45743705920869,6.288,3.9160574881715,2.00559469633633,-3.71484792517268
AUS,2001,19733.6510102645,4.40712998561533,6.747,2.03145880248898,0.883368794126112,-2.09983536268172
AUS,2002,20335.0960191023,2.98157117047457,6.375,3.94980535772942,-0.439760586523423,-4.03651427027563
AUS,2003,23757.5898471684,2.73259754838937,5.933,3.0912800997751,0.801796023091725,-6.25542304141098
AUS,2004,30886.0500949401,2.34325687131265,5.399,4.21894147547516,0.810310224143848,-6.70631316237641
AUS,2005,34535.20727091,2.69182949622197,5.036,3.15548121323168,1.2471276148145,-6.2201820658335
AUS,2006,36658.8243476122,3.55528696972984,4.785,2.7709261737475,1.71954911021473,-6.1743242864652
AUS,2007,41128.2476618402,2.32761442623159,4.381,3.78947119882653,1.62713921191946,-7.5509404049246
AUS,2008,49811.2067218988,4.35029726664093,4.242,3.62398503565633,1.89843331038251,-4.87128797048566
AUS,2009,42954.8494884573,1.77112025681656,5.565,1.95484826298522,-2.43221139220001,-5.21460357172589
AUS,2010,52313.8939041213,2.9183370211222,5.214,2.21004795300735,-4.00609832983711,-3.99211276270473
AUS,2011,62799.3895017032,3.30384784681081,5.083,2.39473494330615,-3.77349871745318,-3.25393708127954
AUS,2012,68301.4402512587,1.76278299052228,5.225,3.95247138119184,-3.12788679864283,-4.42917293903347
AUS,2013,68476.6788496118,2.44988248109259,5.663,2.65445302592404,-1.47630590561229,-3.24439256531684
AUS,2014,62817.2061751737,2.48792932080492,6.078,2.60118978187332,-2.19969034754659,-3.07921525285017
AUS,2015,56970.3613028094,1.50836803138463,6.055,2.16434780647852,-2.6008914714184,-4.2950643949091
AUS,2016,50084.4440606385,1.27699365720306,5.711,2.75564065529868,-2.32750815438937,-3.60213104879026
AUS,2017,54117.547718609,1.94864309065653,5.592,2.29331030192918,-1.74795276005515,-3.00525814878871
AUS,2018,57410.1737346009,1.91140002818579,5.345,2.87417039499501,-0.49287993211205,-2.58947975974169
AUS,2019,55194.7585097428,1.610770929127,5.143,2.19401703622717,-0.140447067668788,-0.0757460083721138
AUS,2020,51983.4523666382,0.846900734607273,6.394,-0.133531904304775,-4.95342899920865,1.64272242623868
AUS,2021,60758.9044397144,2.86391284709318,5.022,2.00694844335034,-6.84301416101114,2.44729769999573
AUS,2022,65169.5191118657,6.59409658717841,3.728,4.25304559238732,-1.3473393407169,0.254202501603949
AUS,2023,65058.3773146674,5.59701792296707,3.668,3.58382100798981,,-0.433071259302466
AUS,2024,64603.9856308464,3.16656665428797,3.942,1.37340773365975,,-2.2387970876291
BEL,1990,20600.3752789827,3.44831217961807,,3.13740221731629,,
BEL,1991,21041.6606519648,3.21531069260809,6.984,1.83307441343001,,
BEL,1992,23372.619171015,2.42795567164615,6.702,1.53065475142162,,
BEL,1993,22283.9360213551,2.75442643473462,8.078,-0.961873076923027,,
BEL,1994,24208.5547931447,2.377540844764,9.645,3.22697145426247,,
BEL,1995,28413.8264387368,1.46796699090271,9.337,2.38475724870135,-3.93336282021254,
BEL,1996,27489.5551770488,2.07702107350675,9.483,1.32143214432601,-3.78394219717379,
BEL,1997,24820.9380503896,1.62816049512954,8.95,3.79367165541437,-2.16156518363331,
BEL,1998,25338.4432934904,0.94925028835061,9.322,1.96183240455609,-1.4501525639251,
BEL,1999,25252.8019066564,1.12084823417847,8.649,3.54271798823922,-1.11436867848966,
BEL,2000,23098.8865077401,2.544517761909,6.586,3.71670510672588,-0.0746168524091921,
BEL,2001,23015.0712632462,2.46925823086082,6.178,1.09960362419645,-0.44651689958458,
BEL,2002,25006.191397109,1.6452143617536,6.91,1.70689430349601,0.136941233473824,4.49803373016796
BEL,2003,30655.2092679024,1.58896399970371,7.68,1.03795518162204,-1.87218928009297,3.39723910068487
BEL,2004,35429.4077933344,2.09728311239315,7.363,3.57120671942319,-0.26467245940886,3.09695508992497
BEL,2005,36809.7013403619,2.78143263670029,8.44,2.32173792911834,-2.86110458860474,1.99655304871952
BEL,2006,38705.1067959147,1.79120770070453,8.246,2.55234087322462,0.126341105607694,1.8502893230147
BEL,2007,44319.165448813,1.82305630026809,7.459,3.67692462515802,-0.445930069620734,1.49569237465597
BEL,2008,48303.397956286,4.48944420508404,6.976,0.446905130727231,-1.21952641004187,-0.831236474764239
BEL,2009,44923.3400135081,-0.0531456741254176,7.908,-1.90644105515335,-4.67819019603727,1.80970941708578
BEL,2010,44197.393671162,2.18929920422458,8.293,2.71031150254662,-3.26699195908848,1.52379368667185
BEL,2011,47760.8298776546,3.5320821072274,7.14,1.93115502411325,-3.8071749518278,-1.92887747556169
BEL,2012,44874.1709182123,2.83966343445899,7.542,0.215803612089744,-3.68203531056371,-0.0829864949097402
BEL,2013,46964.5946777056,1.11309594027539,8.425,0.305494549070232,-2.6904109130819,0.969084734716924
BEL,2014,47995.7786961339,0.340002833356921,8.523,1.76554038149924,-2.6751643317349,0.751219410488652
BEL,2015,40893.804537772,0.561429152790157,8.482,1.47416433731927,-1.14863141277091,1.38017908454948
BEL,2016,41854.5498296444,1.97385264653162,7.83,1.19350273007754,-2.67306404622432,0.558076934849911
BEL,2017,44035.3239358548,2.12597086002616,7.09,1.47446761556785,-1.14409508911899,0.702363722625535
BEL,2018,47487.2100392561,2.05316499865177,5.941,1.87796847383565,-0.424120735125197,-0.874098516086553
BEL,2019,46716.6227467964,1.43681956996438,5.364,2.4428900448156,-1.74476775120561,0.123098549898877
BEL,2020,45906.2875805246,0.740791812220343,5.545,-4.7929839083518,-6.9294959858838,0.903941469932536
BEL,2021,51658.238294958,2.44024851144084,6.248,6.25445686466593,-3.69216547389255,1.86830945601438
BEL,2022,50605.7496677086,9.597511728725,5.57,3.9562379757933,-2.5716668409616,-1.82151513615887
BEL,2023,55291.4754541329,4.04901077613941,5.547,1.71412195515242,-2.8957812583264,0.182293395406711
BEL,2024,56614.5679499036,3.14349136500041,5.7,1.07045413019414,-2.66005967061537,-0.378788145846837
BRA,1990,2619.80141064047,2947.73277248299,,-4.35000000000022,,-0.978435952386691
BRA,1991,2258.10454027063,432.786661926461,6.887,1.0321895854696,,-0.423222688518064
BRA,1992,2127.29083011489,951.962053052817,7.086,-0.544072051030298,,1.85533923420663
BRA,1993,2348.90635436384,1927.38079016026,6.03,4.92469000463774,,0.0054304179361759
BRA,1994,3298.71491891786,2075.88839757325,6.579,5.8528703643893,,-0.219464439580805
BRA,1995,4756.75013552302,66.0070335542481,7.092,4.2237936336472,,-2.35736569352814
BRA,1996,5179.13052009976,15.7576656002606,8.035,2.20886405051482,,-2.73368737115542
BRA,1997,5299.39794248133,6.92671251629154,9.003,3.39484598531597,,-3.63826178042493
BRA,1998,5105.89246192003,3.19507629280051,10.15,0.338097901952338,,-4.05145702418442
BRA,1999,3493.57192043228,4.85844749902666,11.125,0.467937566679467,,-4.46660492637973
BRA,2000,3766.54786339835,7.04414105947265,10.889,4.38794944364869,,-4.04774157195875
BRA,2001,3176.28975052524,6.84035902487523,10.649,1.3898964044581,,-4.44478598177802
BRA,2002,2855.94017137049,8.45016437708331,10.641,3.05346185683619,,-1.84525902808169
BRA,2003,3090.6068907839,14.7149197228147,11.168,1.14082899877101,,0.392877198829747
BRA,2004,3663.82262497811,6.59718509985963,10.072,5.75996463685998,,1.33863085372603
BRA,2005,4827.78165890291,6.86953720898964,10.551,3.20213206216255,,1.30988468509779
BRA,2006,5934.14561857454,4.18356812896909,9.692,3.96198870899485,,0.972710373980306
BRA,2007,7409.69003822861,3.64127299102652,9.28,6.06987060733128,,-0.197096994827677
BRA,2008,8908.33338467948,5.67859390284168,8.268,5.09419544811998,,-2.09933746626458
BRA,2009,8678.6584730653,4.88803479876798,9.419,-0.12581200299141,,-1.75935802585413
BRA,2010,11403.2840038694,5.03872690108074,8.42,7.52822581812151,-2.48178858446383,-3.92594539867631
BRA,2011,13396.6263158041,6.6364496221309,7.578,3.97442307944702,-2.71694051999928,-3.19461785178244
BRA,2012,12521.7238454434,5.40349914036997,7.251,1.92117598509462,-1.84338569341602,-3.75941536826245
BRA,2013,12458.8903396625,6.204310666401,7.071,3.0048226702888,-2.84975353764496,-3.57422104702554
BRA,2014,12274.9941630213,6.32904015516138,6.755,0.503955740273241,-5.37112635330673,-4.49883030905232
BRA,2015,8936.1955889444,9.02990102416136,8.538,-3.54576339347278,-8.03019066677877,-3.5183920728161
BRA,2016,8836.28546025694,8.73914352329393,11.58,-3.2759169063211,-7.06027781099588,-1.70011360207642
BRA,2017,10080.5078722821,3.44637335032669,12.792,1.32286905390815,-7.7163015572921,-1.22429942889483
BRA,2018,9300.66072904004,3.66485028376728,12.329,1.78366676137003,-6.78706251271256,-2.80752036371843
BRA,2019,9029.83304401079,3.73297621216893,11.936,1.22077782271943,-5.30690433831975,-3.41429111497121
BRA,2020,7074.19407495707,3.21176803803376,13.697,-3.27675879612903,-12.4363388244923,-1.64103535066212
BRA,2021,7972.53696080695,8.30165975585673,13.158,4.7626043797061,-4.53656203172015,-2.35822088025659
BRA,2022,9281.33282136864,9.28010608956872,9.231,3.01669435408112,-4.46637752028169,-2.14967710619443
BRA,2023,10377.5897719195,4.59356282283203,7.947,3.24165532813583,-6.86868984803199,-1.23558182662996
BRA,2024,10310.5488778166,4.36746407652336,6.801,3.41931516597739,-5.69048407130692,-3.02715961462093
CAN,1990,21525.8611387148,4.78047693336304,,0.202947874139198,-4.52206395102236,-3.39880313128255
CAN,1991,21846.7930471354,5.62586408593005,10.316,-2.0910550979319,-5.02783663663321,-3.73448630876751
CAN,1992,20950.3305287651,1.49013290374545,11.197,0.890466180427183,-5.00476034051746,-3.6540131722827
CAN,1993,20186.7988782965,1.86507936507938,11.377,2.65770691557481,-5.50253869620916,-3.86026630874172
CAN,1994,19997.6237373354,0.165562913907291,10.395,4.49404929532982,-4.69827216113701,-2.39799048706511
CAN,1995,20679.634792669,2.14876033057849,9.489,2.68232822733793,-3.97921649405198,-0.835225571288648
CAN,1996,21296.9723536904,1.57053112507137,9.62,1.68896122499937,-2.37278358380804,0.385035905172816
CAN,1997,21901.5628548392,1.6212163808453,9.1,4.28016683621337,0.39751018585393,-1.37185670536611
CAN,1998,21024.5850687045,0.995942456658019,8.278,3.89288654344983,0.670253971392999,-1.41951307916318
CAN,1999,22315.2466731545,1.73484295105918,7.583,5.14100353715349,0.965059622964986,0.124607299622236
CAN,2000,24271.0020563821,2.71943995691976,6.829,5.1385391803606,2.19246100809809,2.48322832733606
CAN,2001,23822.096210932,2.52512013979905,7.219,1.87509810696022,1.6407536685204,2.13236979231818
CAN,2002,24256.0192337185,2.25839440940855,7.665,2.99925535017809,1.47509355467556,1.64503032397305
CAN,2003,28301.8645937428,2.75856321360112,7.574,1.80638512302554,1.10596441340132,1.16498813828326
CAN,2004,32145.5412620217,1.85725871857256,7.185,3.09236384292251,1.49185011274784,2.26315076447855
CAN,2005,36383.6600068095,2.21355203439767,6.758,3.21045439063563,0.743050128273399,1.86965618692434
CAN,2006,40504.0370977806,2.00202539534161,6.484,2.63794375007348,1.53203249555318,1.36365624553911
CAN,2007,44660.0838892281,2.13838399266837,6.156,2.04990463726786,1.78676013843287,0.752359497275167
CAN,2008,46710.2526864484,2.37027067444298,6.284,0.995406301140747,0.777651716313426,0.204634001322009
CAN,2009,40874.8831932903,0.299466803009299,8.46,-2.91508621550267,-1.2041997436573,-2.96628242314574
CAN,2010,47560.6666009406,1.77687154092627,8.178,3.09080634469335,-2.22136723715912,-3.59618567149688
CAN,2011,52223.8588398531,2.91213508872351,7.637,3.13719442170364,-0.911072492915979,-2.77400602599856
CAN,2012,52670.3447335415,1.51567823124516,7.392,1.75566129145483,-0.516854977958138,-3.53224767688726
CAN,2013,52638.1187235237,0.938291897815316,7.143,2.32581354806429,-0.0719674448508055,-3.14687545091254
CAN,2014,50960.8431174661,1.90663590717861,7.023,2.87346677785811,0.948871044469965,-2.31892137730875
CAN,2015,43594.1941045394,1.12524136094277,6.945,0.649971001734855,0.998722896723441,-3.51398716666024
CAN,2016,42314.0615817218,1.42875954701085,7.038,1.03855092490855,0.412730871331151,-3.093111446907
CAN,2017,45129.628116623,1.59688412852976,6.426,3.03383491200222,0.439587955196598,-2.8034274767599
CAN,2018,46539.1761570405,2.26822567248103,5.837,2.74296344906655,0.890962538332993,-2.38507161087906
CAN,2019,46352.8693445211,1.94926902411592,5.69,1.90843194590616,0.238247240295596,-1.95170274818579
CAN,2020,43537.839298904,0.716999632307827,9.657,-5.03823343468899,-9.53931636017772,-2.01049352658991
CAN,2021,52886.6616372703,3.39519318527527,7.527,5.95052802804381,-2.40861514290875,-0.0219632282728945
CAN,2022,56256.8007264015,6.80280115341612,5.279,4.18903628100851,0.616884255719166,-0.444191262050462
CAN,2023,54220.3285039875,3.87900159788425,5.415,1.52874550838358,0.593801234572109,-0.701167819027619
CAN,2024,54340.3477224733,2.38158383281173,6.351,1.55479521049516,-1.18274439141946,-0.493601554278577
CHE,1990,39574.5398083788,5.40395909218937,,3.67462550079662,0.605284136441445,2.30416679097882
CHE,1991,39544.4946826768,5.85959663468677,1.818,-0.915816616547943,-0.3950804703976,3.54569531654709
CHE,1992,40713.6881521435,4.03703020778739,2.344,-0.0437330086271288,-1.28498832044953,4.77655904971077
CHE,1993,39237.1186558781,3.29262180313606,3.551,-0.125983460416222,-2.10928148082114,6.19880976982837
CHE,1994,43091.7770970073,0.852116995120664,3.58,1.26975779924055,-1.75270882077453,5.55095675929766
CHE,1995,50113.8321221345,1.79982776867149,3.094,0.480866374676907,-1.12176512223795,5.86746774422011
CHE,1996,48092.6433036512,0.811634064628187,3.684,0.471280025458157,-1.36408463193961,5.85583867296391
CHE,1997,41584.441782159,0.52022542273664,4.127,2.26132529914345,-1.64430991986457,8.58808810990499
CHE,1998,42680.5867322391,0.0179384378439321,3.568,3.02996930632413,-0.934323122185446,8.30236609471626
CHE,1999,41695.6912912021,0.806444380959459,3.053,1.66270104939127,-1.81541839215743,9.49505631733892
CHE,2000,38865.021939688,1.55852919679008,2.658,3.95871990780931,0.0225390824479681,11.3076946100378
CHE,2001,39638.7911061864,0.989020329832545,2.49,1.57566198688916,0.124108852451169,7.19741907544756
CHE,2002,42458.7384679187,0.642711506543277,2.924,-0.0732172569941127,-1.75121131238448,7.44432955080725
CHE,2003,49335.7456291067,0.638272930887189,4.117,-0.0323984255438887,-0.784190279958091,11.2839125641806
CHE,2004,54659.4571488233,0.802908730955226,4.316,2.70170912949028,-0.930574003093343,12.5267566706554
CHE,2005,56242.8933645639,1.17195420333702,4.437,2.74969910618739,-0.466338485184501,11.4042731060379
CHE,2006,59011.0324592016,1.05950928324804,3.995,4.0736284178369,0.354880701649121,12.7744512326326
CHE,2007,64989.1553256031,0.732350603122236,3.641,3.91637577227581,0.629043062565377,8.7710939994753
CHE,2008,74175.1927898555,2.42604117060157,3.35,2.8079835919566,1.21507544067818,1.7393654638505
CHE,2009,71568.3123885672,-0.480481936423304,4.109,-2.29737452570922,0.160724238555726,6.31578593186998
CHE,2010,76531.3729407691,0.688238707219974,4.808,3.24339715656356,0.238263278517432,13.7637552846667
CHE,2011,90476.7589651577,0.2313492076509,4.409,1.81310830459596,0.496244544188108,6.89626180837809
CHE,2012,85836.2076767359,-0.692552018105163,4.491,1.17925385250513,0.515786746162258,9.420174912337
CHE,2013,87304.3305813557,-0.217323155115672,4.747,1.79214400716117,0.454493269604395,10.2777052188642
CHE,2014,88724.9909402638,-0.0132025387515945,4.826,2.34988141500179,0.324013064540193,7.45768731974455
CHE,2015,83806.4476003837,-1.14390867228178,4.801,1.64462750849488,0.570206504694741,9.19252436695627
CHE,2016,82153.0745447889,-0.434618664285814,4.918,2.06868969039562,0.164707843948354,7.22909989028111
CHE,2017,82254.3769269767,0.533787839825876,4.797,1.36279965488859,0.887313576640051,5.31739432808419
CHE,2018,85217.3691512274,0.936335464113572,4.713,2.86044579439036,0.862510071010443,6.11910384279991
CHE,2019,84121.9310304414,0.362886179940674,4.394,1.14198218965691,0.936282213106685,4.10788534673467
CHE,2020,85897.7843338323,-0.725874933313402,4.817,-2.14173712008038,-2.33931866892146,0.447364685859182
CHE,2021,93664.7736696111,0.581814168489855,5.013,5.55962020605844,-0.678018183063219,7.67153133241718
CHE,2022,94394.5106803525,2.83502798644451,4.122,3.04406102969423,0.543917776031658,9.27988775297973
CHE,2023,100623.549627296,2.13540088016386,4.043,0.683328174376044,0.145956425190205,6.08643291881863
CHE,2024,103998.186685604,1.06234041976594,4.343,1.30233332541106,0.508747497700865,9.2041597979768
CHL,1990,2487.76829657299,26.0364811362364,,3.59872304691744,0.322630947798966,-1.44968764303319
CHL,1991,2798.34262413795,21.7844124277757,5.23,7.75620189312957,1.18891402434511,-0.25554288126347
CHL,1992,3351.84108855522,15.4258064688927,4.35,11.5019314370192,2.00871139995541,-2.0561295791378
CHL,1993,3540.91377313015,12.7277669490963,4.49,6.6855844008042,1.63456079384142,-5.11105015900292
CHL,1994,4012.10159912285,11.4431196444972,5.87,5.07680374667352,1.41193098883851,-2.76296605169419
CHL,1995,5081.4682771561,8.23263034116114,4.7,9.25542757753573,2.08466052977018,-1.82822028885922
CHL,1996,5333.50438729711,7.35911781788767,7.414,7.1148626270751,1.98664180002043,-3.92274308347759
CHL,1997,5741.95842989596,6.13386464357927,7.136,7.3917392684331,1.84613535533896,-4.26887262850026
CHL,1998,5419.82417297191,5.11024954517559,7.307,4.18088662700669,0.400433275660356,-4.77915592737757
CHL,1999,4933.55581516755,3.33687917526023,11.158,-0.2736313981937,-1.29388169259378,0.131436581248041
CHL,2000,5052.99245766325,3.84327295706565,10.491,4.9716214882971,-0.63266566558493,-1.14568457860136
CHL,2001,4563.5952986689,3.56910053001466,10.39,3.15403492459967,-0.512562970138886,-1.53703377110131
CHL,2002,4430.84741157984,2.48939816650705,10.168,3.20279913520113,-1.18693435162141,-0.825565731667287
CHL,2003,4773.40177520754,2.8101787574361,9.765,4.72324526861041,-0.43569299475668,0.21460039582268
CHL,2004,6120.59152055344,1.05473871403516,10.162,6.67425416822923,2.06064525156146,3.26056295397732
CHL,2005,7480.32330998636,3.05257621387849,9.34,5.83704571917758,4.41228406590638,1.91109059952903
CHL,2006,9318.65655296121,3.39201733699405,9.024,6.04999082563968,7.33657876746517,5.49643732024025
CHL,2007,10346.4138184533,4.40779938398044,8.427,5.16823098528431,8.37523724038668,5.05557874807609
CHL,2008,10683.2188772511,8.71626873039607,9.285,3.78939280635238,4.51065606515382,-4.18826982519764
CHL,2009,10098.8017167286,0.353045178360936,11.313,-1.11803723642878,-4.24188446241115,1.43974883336493
CHL,2010,12632.8704724192,1.4107110795432,8.547,5.85165102224047,-0.424929387598192,0.896881680744073
CHL,2011,14487.3927832032,3.34121694259302,7.492,6.22389678509138,1.29024479364727,-4.91713901662884
CHL,2012,15241.9069981119,3.00744840213047,6.79,6.15534001855494,0.541407106942835,-5.32849119001729
CHL,2013,15683.5486369155,1.7895555398459,6.361,3.30850824710085,-0.605378261875088,-4.77606541666957
CHL,2014,14529.6767206336,4.71867527854671,6.761,1.79264947139259,-1.56083895943885,-3.46029991877659
CHL,2015,13433.9202987032,4.34877353217044,6.605,2.15194249981184,-2.14568328960442,-2.73506821605392
CHL,2016,13649.8520452803,3.78619355893118,6.926,1.753038749071,-2.73388798624091,-2.62065852365988
CHL,2017,14879.9086227187,2.18271846868519,7.257,1.35769537343957,-2.55814767454965,-2.75779980852367
CHL,2018,15659.4808675628,2.43488981353057,7.623,3.99002947789977,-1.7258596181872,-4.48367554777816
CHL,2019,14495.716721687,2.55754475703326,7.493,0.634367533828438,-2.84519500863434,-5.21244978814827
CHL,2020,13114.815470545,3.04549084804326,10.934,-6.14347479224092,-7.21904641164918,-1.94941123362021
CHL,2021,16206.8325493421,4.52456838259143,9.281,11.3149204879049,-7.72312323783927,-7.28208296226132
CHL,2022,15405.6165774073,11.6438667110559,8.249,2.15399356192458,1.13200004002418,-8.84931514465226
CHL,2023,17067.0364799154,7.58168251407962,9.013,0.521367977246825,-2.39074850027879,-3.12862449043213
CHL,2024,16709.8893972307,4.29763891572524,8.718,2.64431154871538,-2.77846156209812,-1.46933081175439
CHN,1990,318.50335359039,3.05229012075233,,3.9416305983694,,3.31811936794009
CHN,1991,334.130288119078,3.55668565220452,2.37,9.36170212784847,,3.45166169027996
CHN,1992,367.822651903542,6.35398134024868,2.37,14.2996108947926,,1.49380742683803
CHN,1993,378.939353053314,14.6100786356602,2.69,13.9290780143689,,-2.59966643215884
CHN,1994,475.677874448369,24.2569897243361,2.9,13.0727091631599,,1.21849357261851
CHN,1995,612.680277898627,16.7912251650916,3.0,11.0328121562746,,0.219237328483813
CHN,1996,713.337387811657,8.31316028893908,3.12,9.97619992053447,,0.833943624966418
CHN,1997,786.743548510999,2.78646505531881,3.23,9.2876465280865,,3.81946407941415
CHN,1998,835.095348597432,-0.773186011549318,3.24,7.92079207933551,,3.0345158579566
CHN,1999,881.146614068925,-1.40147268276464,3.25,7.7370030581299,,1.91286225540032
CHN,2000,969.199513696287,0.347811226864586,3.26,8.58643201808462,,1.67667411710879
CHN,2001,1065.40597574519,0.719125609120113,3.8,8.31263887091522,,1.28417196444636
CHN,2002,1163.55957673426,-0.731970902350243,4.24,9.24339326638321,,2.37759984341841
CHN,2003,1306.97245408557,1.12760348729637,4.58,10.1181928640117,,2.55665409110255
CHN,2004,1530.92726215723,3.82463743108159,4.49,10.1314073631003,,3.47450259619584
CHN,2005,1777.64496828464,1.7764140766757,4.52,11.458238455067,,5.71199843031159
CHN,2006,2129.25696999613,1.64943099455859,4.43,12.6746751655235,,8.30532573537482
CHN,2007,2734.72709877693,4.81676767378834,4.35,14.1499854947127,,9.79958953536146
CHN,2008,3523.44302065213,5.92525137041091,4.59,9.67024588602851,,9.0108699631763
CHN,2009,3898.24459158811,-0.728165250932898,4.72,9.40269972778044,,4.68740638141982
CHN,2010,4629.24551710077,3.17532475269199,4.53,10.5962719761682,,3.84025673415249
CHN,2011,5703.76027973346,5.55389892257493,4.55,9.4613358870736,,1.77399724587567
CHN,2012,6405.0574241349,2.6195243264554,4.58,7.85617427055587,,2.48328422404793
CHN,2013,7147.03518622344,2.62105001748114,4.6,7.77872409446717,,1.52111320885029
CHN,2014,7781.06597484974,1.9216416278852,4.63,7.46190028229434,,2.21130586371267
CHN,2015,8175.33285077393,1.43702380935654,4.65,6.97878002657477,,2.59752794949746
CHN,2016,8254.86859320357,2.00000182191943,4.56,6.77555562837017,,1.67018709565351
CHN,2017,8979.67652709856,1.59313600071435,4.47,6.8912663621211,,1.50488723669315
CHN,2018,10085.6638148819,2.07479039965576,4.31,6.75671800166833,,0.170563391928727
CHN,2019,10342.9009524335,2.89923416358226,4.56,6.06850235053705,,0.706790487310518
CHN,2020,10627.4637989619,2.41942189457782,5.0,2.34018843078414,,1.65930095801393
CHN,2021,12887.4357242941,0.981015135544881,4.55,8.57008513166322,,1.93875176197337
CHN,2022,12970.6056414327,1.9735755573905,4.98,3.1341888719577,,2.42059259149418
CHN,2023,12951.1782397043,0.23483682889305,4.67,5.41484330099675,,1.4415829879426
CHN,2024,13303.1481543868,0.218128938439177,4.59,4.9773565917572,,2.2616499482671
COL,1990,1474.8455285342,29.1520245976215,,4.28199833053058,,1.13284627622115
COL,1991,1485.73971889208,30.3878204854435,10.12,2.00160759559029,,4.77635581102987
COL,1992,1730.39091795329,27.010626623136,9.44,4.04492943933556,,1.54179329402071
COL,1993,1929.26721811738,22.4424828533275,7.8,5.38540993901029,,-3.1640347587015
COL,1994,2325.91872973374,22.8462417553044,8.25,5.81466190724336,,-4.48814605215356
COL,1995,2583.66576349858,20.8917930194849,8.72,5.20243759278655,,-4.8816442586875
COL,1996,2664.64056059983,20.7975755127401,11.81,2.05585471287195,,-4.77689886981533
COL,1997,2873.2814350993,18.4700217119089,12.14,3.43029367788374,,-5.39146862906034
COL,1998,2604.87166959518,18.6769799276671,15.0,0.569784088434517,-3.3846862132337,-4.93441634428213
COL,1999,2241.22911801216,10.873687085747,20.06,-4.20401524244947,-6.1130721498046,0.778526882820605
COL,2000,2555.00751039968,9.22534818585365,20.52,2.92486148176778,-3.12229518191751,0.846461525527854
COL,2001,2472.99084035833,7.96556090304834,15.04,1.67789830787579,,-1.05937674050926
COL,2002,2428.92969771584,6.35150728778872,14.481,2.50398046659659,,-1.31623163816019
COL,2003,2311.94218760291,7.1297886294186,13.221,3.91827190322513,-5.04967005952806,-0.963598625978888
COL,2004,2818.57195413044,5.90402005546502,13.717,5.33302206759905,,-0.66148309595793
COL,2005,3456.06610874512,5.05101962689695,11.062,4.82876110773741,,-1.33773107053945
COL,2006,3789.85361217027,4.29342363628926,11.088,6.71686869844402,,-1.8486662357596
COL,2007,4769.926147194,5.54438485815155,11.204,6.73819469090975,,-2.9819266093631
COL,2008,5541.83629665898,6.9968849555451,11.273,3.28344618616541,-5.72450803056946,-2.67924104556952
COL,2009,5250.97292433518,4.20251661216481,12.066,1.13964864548062,-7.08183877154717,-1.90692601755576
COL,2010,6398.2958447102,2.27200227892008,11.153,4.49465897070922,-4.56011818549425,-2.99583091222973
COL,2011,7400.9940695669,3.4150334477625,10.288,6.94789198173555,-1.07075617545713,-2.90611447190462
COL,2012,8108.59838244229,3.16930188840055,9.959,3.91263576716115,2.76559285648913,-3.14008013112592
COL,2013,8279.10255642981,2.01699224310383,9.246,5.13399351995672,-5.53469562087851,-3.23615067105019
COL,2014,8187.20824890084,2.89883787761737,8.799,4.49903000110972,-4.16681218983894,-5.19843119341789
COL,2015,6248.51490534512,4.98983115849529,8.572,2.95590137527523,-1.40738619185838,-6.37230442230879
COL,2016,5959.84250367574,7.51346024627674,8.922,2.08738250162794,-3.04286241958897,-4.45195067751588
COL,2017,6479.53231292429,4.3143132569501,9.086,1.35936086788746,-2.19824409588726,-3.18224191114871
COL,2018,6816.96818309544,3.24056932930569,9.36,2.56432428277704,-2.61320674678311,-4.20138344687969
COL,2019,6472.54544924705,3.52301932741446,10.28,3.18685539245533,-2.23798643665382,-4.58427517266059
COL,2020,5339.68711357943,2.52663500084706,15.983,-7.18591413760859,-8.51553357908288,-3.42772945914236
COL,2021,6222.62164397614,3.49505757399448,13.898,10.8011981904878,-7.65394474545161,-5.6351694946032
COL,2022,6680.44506854481,10.1772313546166,10.541,7.32827729427979,-5.29929051233517,-6.04054199360168
COL,2023,7000.83660501046,11.7359044948689,9.591,0.712380031974334,-2.04098550110347,-2.2713986641114
COL,2024,7919.20886825345,6.60908593728228,9.619,1.5983315366523,-4.65465157436065,-1.67431987455953
CZE,1990,3969.36733543794,,,,,
CZE,1991,2917.08655474323,,2.27,-11.6149423646776,,
CZE,1992,3396.70972430469,11.086500072223,2.6,-0.506542343116848,,
CZE,1993,3984.1463439879,20.8130295438428,4.349,0.0619042423607254,0.142605819656653,1.1330967168381
CZE,1994,4663.28665345469,10.039429835143,4.284,2.90930948412982,-1.12334654402663,-1.70139298961709
CZE,1995,5865.29460556726,8.99052361478448,4.082,6.22140598863832,-14.2265663343475,-2.26757320329168
CZE,1996,6573.19643136362,8.75877472878111,3.852,4.16858426915319,-5.27509078778369,-6.08746771318312
CZE,1997,6069.38762357837,8.59615666715564,4.674,-0.595838414214853,-2.65463021766798,-5.79107713467812
CZE,1998,6526.59635780951,10.6983655274888,6.455,-0.393150193750415,-4.60831469087328,-1.94722596154938
CZE,1999,6377.6211077224,2.13544844417329,8.702,1.37836060943835,-3.22272331322843,-2.23483455253069
CZE,2000,6062.92152842793,3.77538829151729,8.764,4.010669619984,-3.02704504729758,-4.3260595580812
CZE,2001,6669.07494847497,4.66267556988257,8.128,2.9172195289956,-5.32768888713963,-4.80305110479948
CZE,2002,8101.26018588111,1.90298097019026,7.28,1.51345949139996,-5.97393348631486,-5.16274750389644
CZE,2003,9852.45677945801,0.118739205526814,7.777,3.300836832613,-6.45969906081363,-5.76037419921863
CZE,2004,11782.5546676117,2.76010781671153,8.298,4.73633969683438,-2.37057274537637,-3.70977039606132
CZE,2005,13442.4916284309,1.85709789109228,7.927,6.37502886086791,-2.97592240579499,-2.0469317715426
CZE,2006,15259.0788162004,2.53399258343633,7.141,6.62317299177447,-1.86241662068317,-2.55771892805224
CZE,2007,18452.6532812196,2.8531243721117,5.316,5.48882595164517,-0.959620435359481,-4.70721210136984
CZE,2008,22774.7045076205,6.3586638015237,4.392,2.61226807205139,-1.80839238709281,-1.86377838067906
CZE,2009,19817.4215836554,1.01937735329229,6.662,-4.79832416684926,-4.82959722519677,-2.35286468331655
CZE,2010,20160.4355077059,1.47272727272728,7.281,2.71466509907701,-3.76756281750936,-3.48120039690542
CZE,2011,22049.1080788682,1.9172191363555,6.712,1.77238085338473,-2.43668741781848,-2.1691537824734
CZE,2012,20014.0354015165,3.28762306610411,6.979,-0.770668190622743,-3.86670894860268,-1.501449440317
CZE,2013,20260.4954999375,1.4382978723404,6.953,-0.0418124160447491,-1.58958563553802,-0.519137991701544
CZE,2014,20038.4163180257,0.343988589646793,6.108,2.24521219862635,-2.26878036067228,0.217020094001342
CZE,2015,17931.5987670768,0.309364548494975,5.048,4.95875848915604,-1.22444732838573,0.446971205922034
CZE,2016,18753.9686718096,0.683504209385702,3.952,2.58087013921376,-0.340881638148019,1.74734921729713
CZE,2017,20913.197632212,2.4505339846014,2.893,5.17356529967881,0.650873933069516,1.35301705500193
CZE,2018,23705.9329811299,2.14949494949492,2.246,2.83030588267866,0.451333537748917,0.451859774047593
CZE,2019,24062.7190013343,2.84787595918041,2.015,3.56577658128261,-0.355654031359842,0.356195094422181
CZE,2020,23472.8915454417,3.1612952849781,2.55,-5.30487955463876,-6.11375357350097,1.7852008079583
CZE,2021,27696.4619527544,3.83984491500146,2.803,4.02901832055149,-5.83047375809619,-2.04624111898244
CZE,2022,28282.2236715857,15.100165146837,2.224,2.8471706583814,-3.9916185712308,-4.52048439437013
CZE,2023,31761.5944102491,10.6612601372427,2.579,0.0475803308973752,-4.57490578883775,-0.125406557037842
CZE,2024,31823.3078290564,2.43531202435314,2.6,1.23308611983484,-2.76750793592479,1.74244358000018
DEU,1990,22385.6778250275,2.69646824292392,,5.25500610110028,-0.511312838409292,2.61258287267843
DEU,1991,23443.3350818536,4.04703259753466,5.316,5.10826150190911,-2.37658722928356,-1.19301223274731
DEU,1992,26559.8543879632,5.0569779673173,6.323,2.01361340926105,-1.58173917620432,-0.983554177100667
DEU,1993,25616.6508772405,4.47457650752808,7.675,-0.973033082340891,-1.81677990599429,-0.77819069062652
DEU,1994,27201.9593555204,2.69305639854954,8.727,2.59685569693275,-1.08388374446415,-1.32150809446364
DEU,1995,31747.2449398447,1.70616041317076,8.158,1.50499384201356,-7.84986815303722,-1.06756701779392
DEU,1996,30599.7891048363,1.44972701963238,8.822,1.0378755674358,-2.15388683784793,-0.492213210288898
DEU,1997,27046.9565464237,1.93937198922729,9.861,1.85432238398302,-1.54825689565774,-0.355877126875177
DEU,1998,27395.9440608051,0.911183535014403,9.787,2.09561231172233,-1.75917638739857,-0.474729135736975
DEU,1999,26965.4922773722,0.585433064230783,8.854,2.12957016297766,-1.24068475477075,-1.16769718086738
DEU,2000,23925.8559901991,1.44026838719741,7.917,2.8765231247659,-1.16769813021797,-1.5131310276989
DEU,2001,23878.3641471651,1.98385731334471,7.773,1.63614170690956,-1.36440859382473,-0.17042466008937
DEU,2002,25486.5942008748,1.42080615551526,8.482,-0.228255715793637,-2.0335888025331,1.98424702046954
DEU,2003,30711.1022511331,1.03422218628562,9.779,-0.529801394291297,-1.66578157005726,1.53250948753762
DEU,2004,34566.7359143735,1.66573696655991,10.727,1.16208684507278,-1.82343090395283,4.53374240243277
DEU,2005,35084.4363546269,1.54691114751328,11.193,0.885485292551564,-2.17873251609186,4.64324145764122
DEU,2006,36980.3349948954,1.57742642840563,10.277,3.86668241523209,-1.17382057390631,5.83661726884204
DEU,2007,42350.9217211489,2.2983440070095,8.732,2.8891174138025,-0.16886815460503,6.70574096490579
DEU,2008,46379.1647953479,2.62837981637219,7.508,0.887902330743628,-0.295564790211951,5.57767610595061
DEU,2009,42471.8868625226,0.312739007368446,7.88,-5.54455451920674,-2.0714764010794,5.87627948005071
DEU,2010,42396.9665976293,1.1038103778926,7.043,4.13463778522758,-3.20048484663093,5.77277636027696
DEU,2011,47630.9761883572,2.07517283735874,5.967,3.75796884489337,-0.370780258545056,6.26091712383114
DEU,2012,44718.0159214069,2.00848884782956,5.372,0.463512036709204,0.0930239204366837,7.19554460437767
DEU,2013,47206.8353514242,1.50472330251876,5.316,0.396995583779145,0.204327258519159,6.72910853583547
DEU,2014,48959.5991203133,0.906794000434245,4.979,2.18018602168017,0.684275600022785,7.19417703303447
DEU,2015,41929.7549110722,0.514426137125456,4.612,1.66300602334775,0.679066934885634,8.09671429040111
DEU,2016,42948.9381932694,0.491747008445174,4.104,2.22222216259371,0.736915570494584,8.9023603683727
DEU,2017,45553.9341495339,1.50949485109628,3.781,2.797906720551,0.636282630936273,8.07873526112888
DEU,2018,48916.1686612154,1.73216879766941,3.384,1.13569604599849,1.11091050456752,8.43761219902204
DEU,2019,47656.199739747,1.44565976888253,3.163,0.977734697038784,0.766521168807671,7.87471222403171
DEU,2020,47394.8734504469,0.144877925813981,3.881,-4.13191443239947,-3.65593267492002,6.34782686016016
DEU,2021,52349.2459994422,3.06666666666673,3.594,3.90999994204108,-3.52007147628953,6.9200696637534
DEU,2022,50506.5179638543,6.87257438551096,3.137,1.8092581243061,-2.5662569966837,3.85045627175846
DEU,2023,54776.7668235491,5.94643667725823,3.071,-0.869647578573321,-1.98906930280069,5.51222510245724
DEU,2024,56103.7323182554,2.2564981433876,3.4,-0.495851897260366,-1.68030732483709,5.81156126321154
DNK,1990,26885.6994188191,2.64160306382001,,1.66026774169177,-0.416893511800699,0.992308259412131
DNK,1991,27002.8057705804,2.39515331724416,9.099,1.45818005306188,-1.2318760807292,1.42496597503466
DNK,1992,29579.4913648682,2.09604442933213,9.027,2.0228112415746,-1.30333862980809,2.74488364106853
DNK,1993,27581.7241097459,1.2578566795326,10.719,-0.078900412805325,-1.9157913992825,3.3761876880507
DNK,1994,29967.8303903163,1.99201463809517,8.036,5.29469615156448,-2.1994874183601,2.04424373399312
DNK,1995,35321.0980773087,2.08360842382854,6.992,3.03802150461165,-3.71689658293391,1.00340778021557
DNK,1996,35621.9878051732,2.12629802275577,6.844,2.89575069230459,-2.06338243184576,1.64799093505223
DNK,1997,32779.879045297,2.1821667790712,5.4,3.16848143784479,-0.936921579838566,0.531779842222928
DNK,1998,33346.4884298957,1.84565122007883,5.039,2.32630274538961,-0.110021961100603,-1.13530538852639
DNK,1999,33426.2381077405,2.49779544404529,5.141,2.96730536257029,0.871085532995674,1.71298625187982
DNK,2000,30722.0251837567,2.90328203236461,4.476,3.72400899471576,1.84406645963936,1.37879989622757
DNK,2001,30768.4775471112,2.33787000255262,4.164,0.95003224600012,1.273504251294,2.94033572239732
DNK,2002,33257.1622586509,2.42443661219694,4.274,0.456530018779986,0.522784862308124,1.93547973055908
DNK,2003,40519.0974905924,2.07507820646506,5.398,0.441091006625101,0.690530703535921,3.18790770063056
DNK,2004,46625.050098011,1.15435693124934,5.204,2.77635180744053,2.11343605099309,2.35760495195269
DNK,2005,48925.8076698784,1.81781458291254,4.83,2.35960882992528,5.65167043969722,4.15137874873849
DNK,2006,52119.1787984282,1.92422138464584,3.897,3.81648769908172,5.49025408515426,3.33878587946735
DNK,2007,58631.6566433635,1.69326586220324,3.801,0.987173815945127,5.54853641996053,1.51196754347491
DNK,2008,64616.6657583663,3.41626794258374,3.683,-0.417178439991005,3.83561918698261,2.93344197648404
DNK,2009,58412.7472358513,1.30470991024335,6.409,-4.97447905669058,-2.11144188536374,3.670308987932
DNK,2010,58104.5445594981,2.31092436974786,7.746,1.58289703108802,-2.44106694235995,6.39689740721911
DNK,2011,61809.737898222,2.7586822605125,7.769,1.3108037609606,-1.88701179271688,6.33895025513779
DNK,2012,58443.7747103968,2.3979148566464,7.798,-0.00543230161670749,-3.25795140995828,6.04077392997687
DNK,2013,61377.5940590412,0.789071780078062,7.384,1.39267343161971,-1.1817281111622,7.38438213074311
DNK,2014,62520.4509747011,0.56402054044954,6.925,1.27799983192831,1.25210753887521,8.33724641683404
DNK,2015,53094.0133607574,0.452034153691574,6.278,2.10441456445301,-1.14367709346369,8.03310119340128
DNK,2016,54500.9260410217,0.250000000000031,5.989,3.07304549209093,-0.0706631304869341,7.1535241379713
DNK,2017,57521.5514992225,1.14713216957601,5.833,3.05647723922718,1.45703115160827,7.43235705188882
DNK,2018,61324.7665045565,0.813609467455631,5.131,1.8600074900921,0.801500405907226,6.32147869586373
DNK,2019,59404.2663247723,0.75813157251162,5.018,1.71140093932736,4.07933250116652,7.51157692205496
DNK,2020,60985.4885601514,0.420711974110024,5.644,-1.78010601831291,0.0817074835691645,7.31174171634934
DNK,2021,69340.7334922138,1.85304543989689,5.065,6.50025445756295,3.84778597795986,8.60686861056622
DNK,2022,67781.0940939514,7.69656699889259,4.434,0.443832614908331,3.26789791392787,11.1530363234679
DNK,2023,68043.5466971243,3.30517811237605,5.094,0.604587766175584,3.26758573821906,11.0099443611464
DNK,2024,71026.4832271897,1.37220049768925,5.358,3.47783593140312,4.19593874764038,12.1952284849278
EGY,1990,735.982935028025,16.7563747077691,,5.66702915715818,-1.95720250521921,5.41428288100209
EGY,1991,622.829605007867,19.7485448195578,9.38,1.12540459520747,2.44533333333333,9.010952
EGY,1992,680.79923864551,13.6374241717218,8.92,4.47285918408184,-1.17469446441409,7.81250251617541
EGY,1993,740.334217356418,12.0897922868977,10.92,2.90079079959442,4.23260309278351,5.44885051546392
EGY,1994,807.303537230487,8.15423128587096,10.93,3.97317218034541,3.004,0.0597325714285714
EGY,1995,916.326617700876,15.7422305021595,11.04,4.64245877240639,3.44166666666667,-0.422212745098039
EGY,1996,1008.97637629447,7.18710369719992,9.0,4.98873056512208,-1.40061028770706,-0.283898866608544
EGY,1997,1146.20172117634,4.62560578826438,8.37,5.49235474302942,-1.62805566002256,-0.905827378713802
EGY,1998,1212.82259820477,3.87257546427489,8.03,5.575497460986,,-3.02491579679889
EGY,1999,1268.30949160496,3.07949912638332,7.95,6.05343878467555,,-1.80221287386216
EGY,2000,1366.09274372613,2.68380535348546,8.98,6.37000382991766,,-0.972570273448986
EGY,2001,1295.1374184163,2.26975720475955,9.26,3.53525197391507,,-0.401718427655422
EGY,2002,1116.82884626213,2.73723855000334,10.01,2.39020402573726,-6.74531538664555,0.730979150171549
EGY,2003,1031.27556291284,4.50777636319303,10.91,3.19345473739745,-5.8162874251497,4.66231377245509
EGY,2004,991.255689145253,11.2706193320519,10.32,4.0920716112534,-5.61055017514939,4.97788419534309
EGY,2005,1105.53920713903,4.86939696871988,11.049,4.47174447174434,-6.44885793871866,2.34529559888579
EGY,2006,1298.97900203124,7.64452644526434,10.49,6.84383819379117,-7.1684960336733,2.45322162862231
EGY,2007,1547.74170735909,9.31896905799229,8.8,7.08782742681038,-4.55796186895811,0.315552631578947
EGY,2008,1896.21594269779,18.3168316831684,8.517,7.15628356605819,-6.36079061976549,-0.868821887213847
EGY,2009,2161.63964573927,11.7634954386443,9.087,4.67359979952391,-6.56296296296296,-1.7707391095759
EGY,2010,2455.08194645282,11.2651882653185,8.757,5.1472348575531,-7.73391347588264,-2.05668307641306
EGY,2011,2590.64384891965,10.0649259874818,11.849,1.7645719489982,-10.0824593392167,-2.32378812632193
EGY,2012,2996.0677072015,7.11172943343082,12.597,2.22619979863525,-10.0051949602914,-2.49788021735236
EGY,2013,3025.52563552448,9.4697198106492,13.154,2.18546605362143,-12.6356159965599,-1.22513249838744
EGY,2014,3133.39102265541,10.0702154687481,13.105,2.91591187985748,-11.0277183098592,-1.94849131455399
EGY,2015,3306.98159414141,10.370490343517,13.052,4.37201907790141,-10.7275665943778,-5.23529137853431
EGY,2016,3270.6287768197,13.8136062148289,12.45,4.34664345555447,,-6.16465951871263
EGY,2017,2395.10333299491,29.5066083940038,11.767,4.18122099994778,,-3.19681566782461
EGY,2018,2484.70315630508,14.4014657807421,9.855,5.3311086189448,,-2.93164483711978
EGY,2019,2962.98892023003,9.15279959324803,7.851,5.55209307156956,,-3.20758543154937
EGY,2020,3511.11381026379,5.04493288977538,7.974,3.55016483786838,,-3.70903990583373
EGY,2021,3827.35415374308,5.21404940513042,7.441,3.29064601202211,,-4.38240299812
EGY,2022,4233.30783744856,13.8956609775177,6.546,6.58784560886967,,-2.2100904275198
EGY,2023,3456.78968456253,33.8847763115546,6.753,3.76028052279247,,-3.17338760075615
EGY,2024,3338.47371395895,28.2705899322082,6.817,2.3991692678251,,-5.68596233493642
ESP,1990,13795.0159385128,6.72181952228656,,3.7813935513235,-2.59463117704398,-3.35886586768217
ESP,1991,14801.3226152172,5.93421344335924,15.929,2.54600049647455,-2.95631304399031,-3.43260470559266
ESP,1992,16100.6799428032,5.92453126228489,17.697,0.929215482921151,-3.47631579733068,-3.41608226616749
ESP,1993,13330.3798192211,4.56907173681813,22.156,-1.03149183695307,-6.49900307288709,-1.1061129789544
ESP,1994,13405.704414883,4.71841373967329,24.209,2.38319537908909,-6.13556303560894,-1.20512004003852
ESP,1995,15460.9110266653,4.67380337624704,22.675,2.75749400293542,1.86177782509413,-0.320247040380478
ESP,1996,16100.6215831114,3.55884559338557,22.142,2.60741117110229,-2.38472142117943,-0.347834725925519
ESP,1997,14722.3717633536,1.97107395582926,20.698,3.58729972356299,3.90484246711281,-0.140683569181923
ESP,1998,15382.3348573373,1.83432999908409,18.673,4.30197745333581,5.20826770874021,-1.17199231308045
ESP,1999,15707.9473068138,2.31034813987067,15.475,4.40886545305924,6.45737363962892,-3.21736413464958
ESP,2000,14743.2671031455,3.43351563418766,13.785,5.20064125553942,6.75835316390995,-4.25952269013291
ESP,2001,15368.2337984435,3.58983413338112,10.348,3.91908880808811,7.6055912051792,-4.3292603031356
ESP,2002,17111.0685058941,3.06565685902219,11.146,2.75545611564098,1.61975287564822,-3.6345919631106
ESP,2003,21522.0170990262,3.03888839396655,11.283,2.9392895953076,1.12921290222915,-3.80656644846324
ESP,2004,24925.0267844576,3.03924881090924,11.09,3.1145314799161,0.227891342338142,-5.42400165587703
ESP,2005,26450.9530130382,3.36881409750383,9.146,3.5512255846125,2.53328764968399,-7.21356556640438
ESP,2006,28421.686527407,3.51557576832128,8.452,4.04343515605099,3.08713839932496,-8.79382150381904
ESP,2007,32652.015594702,2.78679745804945,8.232,3.53350013165972,3.5003772478263,-9.36792330694923
ESP,2008,35603.248328071,4.07534335957339,11.254,0.767165748290694,-2.0459677535346,-8.8166948769233
ESP,2009,32279.8208476151,-0.28781308353524,17.857,-3.76813306940053,-8.20072880455549,-3.94046083652282
ESP,2010,30658.7422282912,1.79986457728768,19.86,0.0941223116369514,-4.62203324529195,-3.57734356702049
ESP,2011,31824.6219134777,3.1961018883379,21.39,-0.639920636520344,-3.32603467797023,-2.58929008588059
ESP,2012,28456.4438151477,2.44612782366808,24.789,-2.86511368637748,-9.54415404396292,0.125923054524352
ESP,2013,29228.846559842,1.40858109183018,26.094,-1.42732224757626,-6.17616891499261,2.07791536141212
ESP,2014,29707.765509467,-0.151114837527234,24.441,1.52048593647231,-4.72159846152217,1.73595007328569
ESP,2015,25982.4416197775,-0.500365709903242,22.057,4.06086672473866,-3.668251293335,2.03697429462383
ESP,2016,26755.6061149398,-0.202598000426452,19.635,2.91515598595787,-4.04179285767079,3.15808866042231
ESP,2017,28381.3425596906,1.95607633363963,17.224,2.89604207865007,-3.0440401222539,2.82857699785742
ESP,2018,30602.4212881113,1.6749813686379,15.255,2.39541124478878,-2.53976817160449,1.86142647160726
ESP,2019,29786.5245689007,0.699518994458738,14.104,1.96117850841711,-2.76690781759737,2.11978917805627
ESP,2020,27233.9426461608,-0.322753017299739,15.532,-10.9400706350371,-9.70781446209487,0.819280213926566
ESP,2021,30799.4775937775,3.09313511976419,14.914,6.68314420473001,-6.65809235969353,0.765004613238441
ESP,2022,30319.4987196616,8.39057634118626,13.033,6.37031712129601,-3.16608557683432,0.379418337465124
ESP,2023,33493.2225409111,3.53236133492432,12.179,2.46085796805582,-2.26104164816683,2.73246084042226
ESP,2024,35326.7683069278,2.77417826534772,11.4,3.45525405630191,-3.16402501364209,3.18327391138732
FIN,1990,28366.204276071,6.14956531179849,,0.691649917806032,1.00490455599837,-4.92220571481103
FIN,1991,25488.8450525604,4.31021289843465,6.503,-5.88059618513641,-5.01411453124875,-5.32681492267676
FIN,1992,22320.1124695857,2.91932319285011,11.595,-3.31137361706595,-8.17393401949974,-4.54594465904843
FIN,1993,17588.6781715509,2.19065319556436,16.201,-0.779815061561479,-10.3714250832334,-1.2736811038366
FIN,1994,20278.29109854,1.08855677589404,16.426,3.96437283726799,-9.14581919901691,1.07619185079872
FIN,1995,26246.2743214462,0.791239406938497,17.005,4.23436710187066,-7.25110203749975,3.90223701682602
FIN,1996,25756.6777073618,0.629194238120965,15.572,3.66265716987186,-4.18231562018887,3.79006406550443
FIN,1997,24682.29083271,1.19255883425839,14.967,6.39770068404337,-0.683435051099635,5.22832147413365
FIN,1998,25999.9861694953,1.3994737857984,13.214,5.45427021765444,1.89818236168428,5.47770810715808
FIN,1999,26180.4128562349,1.16223155669444,11.693,4.38928070374669,1.84572221171427,5.94874529220918
FIN,2000,24335.9225082659,3.04210080667795,11.134,5.75373770498848,6.67003944686405,8.35697521580217
FIN,2001,24965.202996776,2.57844080098895,10.29,2.64026205699308,5.40684447456314,9.32832355563524
FIN,2002,26989.389260959,1.57122012789379,10.423,1.68732644358099,4.43546213958502,8.61479200191198
FIN,2003,32920.0857192568,0.877440386254785,10.469,2.01179992738312,3.11309437494233,4.97591224324578
FIN,2004,37768.1334202029,0.187120559084418,10.358,4.00537952277651,2.99040575528691,6.35919059517118
FIN,2005,39049.8703780223,0.62387445002519,9.602,2.77730918518017,3.38017562824141,3.79909504985157
FIN,2006,41214.0187765069,1.56666380704386,8.935,4.01957326515895,4.30519318990403,3.94307577889212
FIN,2007,48473.0240091455,2.5106656524034,6.854,5.31280176694145,5.292982428004,4.08024653201484
FIN,2008,53769.4726240385,4.06595355358379,6.369,0.784431235717051,4.56981359361245,2.46705484055195
FIN,2009,47478.3495310999,-9.17360384430342e-07,8.249,-8.07603116552393,-1.86040113351858,2.10030839228353
FIN,2010,46506.2919016566,1.18413523154646,8.394,3.1682879121621,-2.3694239079018,1.3927410867982
FIN,2011,51060.3242589767,3.41680754255211,7.781,2.39039455396828,-0.48873036351218,-1.55989641961033
FIN,2012,47551.6740841369,2.80833622561573,7.689,-1.52284013040689,-1.10441266007246,-2.25407429115713
FIN,2013,49691.0145200739,1.47828615688809,8.193,-0.979741024949618,-1.8250883305405,-1.87586111811563
FIN,2014,50073.7760815871,1.04119621178439,8.663,-0.4780684247837,-2.26761555463797,-1.40306958808626
FIN,2015,42560.3456767103,-0.207928839905268,9.376,0.466503766322674,-1.81072543198599,-0.91248550363006
FIN,2016,43451.2562442158,0.356684500891695,8.818,2.57193414898754,-1.29846048294757,-1.98213896057961
FIN,2017,46085.0174739036,0.754015047084346,8.64,3.30337003591039,-0.443690867177556,-0.613710516292874
FIN,2018,49654.2497035329,1.08382098409305,7.361,1.19297759742292,-0.00689937690002372,-1.63811271947478
FIN,2019,48358.1807773701,1.0240939296343,6.695,1.34973845741737,0.316118699636925,-0.15499529100125
FIN,2020,48828.6846862799,0.290554555653239,7.759,-2.49103605535707,-5.5028406807481,0.529983303828095
FIN,2021,53099.1351400148,2.19457432340007,7.617,2.67634641498897,-2.32228135903909,0.326640931588569
FIN,2022,50440.560224974,7.12350773301402,6.719,0.763041912763526,-0.0383264132864899,-2.50692650482939
FIN,2023,52834.2916752703,6.25064322154762,7.149,-0.939093459613758,-1.89226235852929,-0.92660922528218
FIN,2024,53149.7671934051,1.56568906231615,8.4,0.416171964862073,-3.47546591390875,-0.665363108803007
FRA,1990,21586.4674617483,3.19428338029481,,2.82962715326478,-1.41208580579322,-0.790699531946191
FRA,1991,21500.7778366233,3.21340732409677,9.134,1.23666248297356,-1.86683816301131,-0.517748489885409
FRA,1992,23615.0168565483,2.36376046269355,10.203,1.5160611169627,-3.5615813480862,0.280170781675052
FRA,1993,22238.8250618434,2.10446277124642,11.32,-0.35899781051468,-5.58029324702393,0.683954592617435
FRA,1994,23359.8985104774,1.65551532926999,12.593,2.38366086110145,-5.53539884563985,0.535080974263654
FRA,1995,26791.8151982369,1.79648142095589,11.834,2.30479278392259,-4.79025251556596,0.679551477433413
FRA,1996,26757.6351494145,1.98288365089738,12.367,1.39707987198881,-3.81595056896549,1.2859310187773
FRA,1997,24169.4008102822,1.20394294026963,12.566,2.5270616339357,-3.81889402336661,2.60806895660173
FRA,1998,24869.4030795939,0.651126867833072,12.074,3.45259434279616,-2.58043124445525,2.51843043289976
FRA,1999,24576.3152254528,0.537141639134596,11.981,3.39930808809441,-1.74235278264385,3.4092327167425
FRA,2000,22340.5939516217,1.67595988720928,10.218,4.14099996402915,-1.38495150345368,1.1848394944316
FRA,2001,22331.7948343036,1.63478079549599,8.61,1.89946701186636,-1.46983384887589,1.5298994522382
FRA,2002,24144.5727019529,1.92341228727063,8.702,1.06775027069419,-3.25940626880151,1.18270439802011
FRA,2003,29479.5222101175,2.09847219146919,8.306,0.967827182558352,-4.10090458510837,0.871063406872803
FRA,2004,33644.9282220364,2.14208964640238,8.914,2.86825052501032,-3.38008016825818,0.434470120439983
FRA,2005,34696.3718316971,1.74586936380487,8.882,1.88856584109286,-3.3039116931965,-0.00650919177703098
FRA,2006,36431.5658906555,1.67512449608726,8.832,2.71406448755236,-2.43658142963503,0.0221896585541475
FRA,2007,41486.1907828787,1.48799805953859,8.008,2.53048188351066,-2.56265067073683,-0.328279950461903
FRA,2008,45464.8181385158,2.81286194914785,7.386,0.380171435849121,-2.9929300994367,-0.962244945077223
FRA,2009,41728.0884164132,0.0876204781574653,9.122,-2.82455153714783,-7.0447240428213,-0.818480147786107
FRA,2010,40694.8211697025,1.53112270420918,9.279,2.00032476039051,-7.04496539233419,-0.832545468638348
FRA,2011,43929.7840873812,2.11159795175,9.228,2.43757653729007,-5.23260432092581,-1.02802797917579
FRA,2012,40863.5814412333,1.95419531613509,9.841,0.183835264973013,-4.94601627257407,-1.22530807843013
FRA,2013,42669.1795111893,0.863715497861804,9.913,0.781756446231,-4.54786773836928,-0.597990456908108
FRA,2014,43148.0459288416,0.507758822937989,10.273,0.997832947295251,-4.30981907646774,-0.962733699381149
FRA,2015,36702.4323733379,0.0375143805125181,10.354,1.06675474783462,-3.87230571650352,-0.334528437032909
FRA,2016,37024.2157133669,0.183334861123764,10.057,0.860031075424033,-3.86604793076428,-0.538632351885891
FRA,2017,38687.1626407164,1.03228275064681,9.409,2.08361485997399,-3.42402442225258,-0.474615185215668
FRA,2018,41418.1766484844,1.85081508315492,9.018,1.64590872395887,-2.39420440876454,-0.735670615255372
FRA,2019,40408.2848574751,1.10825492288293,8.415,2.02744646419237,-2.28934891556096,0.587362764575747
FRA,2020,39169.8606000707,0.476498852725065,8.009,-7.44064589948231,-8.76625917136189,-2.00313613657686
FRA,2021,43725.0999521245,1.64233141038393,7.871,6.88233783360239,-6.54907895902013,0.244238511780543
FRA,2022,40988.6396406579,5.22236748369725,7.303,2.71676264185913,-4.70032899808636,-1.43234855251881
FRA,2023,44700.1384177544,4.8783572650844,7.335,1.43921494437743,-5.0315801130109,-1.04301703799496
FRA,2024,46103.0840855884,1.99904942291462,7.4,1.19046798275883,-5.23749461411331,0.0851279883251641
GBR,1990,19095.4669984608,8.06346090938833,,0.779266119883417,-0.90941132711683,-3.55031184555804
GBR,1991,19900.7266505069,7.46178295746934,8.55,-1.29243974751705,-2.33469040042224,-1.66449946529553
GBR,1992,20487.1707852878,4.59154929577461,9.772,1.29472849604493,-6.1029203921627,-1.96702595518054
GBR,1993,18389.0195675099,2.55857796929705,10.346,3.49048744653493,-7.48586333283409,-1.66961487109581
GBR,1994,19709.2380983653,2.21901260504205,9.648,4.95341092800692,-6.20185830305047,-0.879081535567197
GBR,1995,23252.6157127423,2.69749518304432,8.694,3.53339096338078,-7.00567654789156,-0.995954431591391
GBR,1996,24503.3829602903,2.85178236397749,8.189,2.61491606949487,-5.85710079476012,-0.724668922297665
GBR,1997,26910.1381529902,2.20114313510882,7.072,4.8799853038024,-3.82968246466758,-0.089379760284927
GBR,1998,28396.3523548013,1.82056163731557,6.198,3.24631482881618,-2.18686802206613,-0.317493408980744
GBR,1999,28858.0065333126,1.7529508005142,6.042,2.94445869854798,-1.39310441022349,-2.10815347133567
GBR,2000,28383.8761094996,1.18295624210408,5.558,4.52438074810904,-1.29114132584573,-1.80322397590519
GBR,2001,28013.8729635508,1.53234960272418,4.696,2.39102229602824,-1.95229726511505,-1.75946787442188
GBR,2002,30158.7017807858,1.52040245947455,5.037,1.70902736258567,-4.45872668556208,-1.96774674220137
GBR,2003,34556.7726095905,1.37650038542013,4.807,3.21851612669614,-5.8883867114666,-1.82204886055783
GBR,2004,40504.4118103928,1.39039756680422,4.594,2.32601853325993,-5.59849240059285,-2.28435751976608
GBR,2005,42240.2462987547,2.0891364902507,4.884,2.7906547174688,-5.43959055021596,-1.97517731781616
GBR,2006,44695.161023424,2.4556616643929,5.472,2.18982132415704,-5.3182507036155,-3.10941980167091
GBR,2007,50629.0799172887,2.38656150773327,5.399,2.93091133582351,-5.20993034221826,-3.71636602944722
GBR,2008,47652.4030691881,3.52140856342539,5.748,-0.0494116727402769,-7.64334668774579,-3.86567706212854
GBR,2009,39009.3715547821,1.96173173560109,7.683,-4.58740819226323,-12.4658443444775,-3.01852853421921
GBR,2010,39778.3220528565,2.49265472467065,7.973,2.26054460931586,-6.59539718994281,-2.75934253189813
GBR,2011,42295.9273835322,3.8561124468282,8.195,0.851437739020326,-9.58534562515532,-1.6237867474026
GBR,2012,42688.3263728372,2.5732347965453,8.279,1.52826034721852,-9.85893078268789,-3.13257837481106
GBR,2013,43606.9837896348,2.29166666666659,7.752,1.71846961308464,-6.57284894067986,-4.63114682704937
GBR,2014,47746.2421759562,1.45112016293279,6.398,3.16017351468152,-6.84194583017344,-4.97786981840051
GBR,2015,45255.3449216209,0.36804684232536,5.552,2.14040560033371,-5.58574202703712,-4.91700489264854
GBR,2016,41257.9085545556,1.0084173681141,4.909,2.20652020635357,-3.78405341301057,-5.46283821927875
GBR,2017,40916.8115070354,2.55775577557747,4.501,3.02322219840339,-3.41895135565048,-3.47326460218152
GBR,2018,43702.9976303165,2.29283990345938,4.145,1.55133095078786,-3.85207125387797,-3.88728858372976
GBR,2019,43158.7411267323,1.73810460086513,3.657,1.25629899760824,-3.54138398312266,-2.66245642145608
GBR,2020,40812.6794663879,0.989486703772491,4.472,-10.047896637362,-14.8089159983433,-2.92883387550298
GBR,2021,47691.3768799404,2.51837109614213,4.864,8.5431118453255,-9.17408204070175,-0.752836357784011
GBR,2022,47057.043229179,7.92204883147902,3.768,5.14970388522993,-5.6017379653763,-2.06737101121871
GBR,2023,49944.4702124201,6.79396706793963,4.025,0.271650048355255,-6.97705514642296,-3.57676183842871
GBR,2024,53246.3676145108,3.2715729463592,4.361,1.1264226705118,-6.88001342576957,-2.98180220382834
GRC,1990,9466.66238502174,20.433499109463,,0.0,-19.9251437211894,-3.66416152795676
GRC,1991,10046.6663875475,19.4558456445745,7.572,3.09999970633838,,-1.51783071981204
GRC,1992,11021.012224607,15.8770737923919,8.927,0.700000337119789,,-1.86723149235441
GRC,1993,10257.3085789073,14.4112644439349,10.177,-1.60000002186294,,-0.696206808420449
GRC,1994,10937.0223808611,10.8740756809131,9.808,1.99999984724822,,-0.126978535177172
GRC,1995,12779.081491606,8.93451415961512,10.116,2.09971953235275,-9.91072825709355,-2.12188049067422
GRC,1996,13432.5262183244,8.19455217632728,10.402,1.38247057325857,-8.39922010732962,-3.19572255088179
GRC,1997,13015.9175046854,5.53600266773482,10.472,3.60288326516122,-6.24408406085801,-3.50229712684898
GRC,1998,13022.9648774809,4.76622572397645,12.227,3.43693579661333,-6.38305645948466,
GRC,1999,12742.5404388143,2.6366330602198,12.138,2.65878562321184,-6.13594463178484,-5.31917093747904
GRC,2000,11638.2010697215,3.15118162493827,11.345,4.13782699405849,-4.20090394199092,-7.80647954386925
GRC,2001,12156.9572824221,3.37396832213865,10.764,4.65041459442163,-5.8010540026106,-7.1208377005018
GRC,2002,13782.195640943,3.62935871878874,10.346,4.68313727063017,-6.17801164285532,-6.38625728965696
GRC,2003,18020.612039764,3.53065027765554,9.839,5.79682274294369,-8.10012824590367,-6.5062606053612
GRC,2004,21449.2552764245,2.89884810758167,10.628,5.37786634595851,-8.91505368830503,-5.74201400267067
GRC,2005,22054.1315756886,3.5450727333508,10.074,1.18350635493289,-6.36585961405065,-7.51860335220303
GRC,2006,24416.0232970275,3.19594684144543,8.906,6.44339762487436,-6.01263072426302,-10.9919390863756
GRC,2007,28440.7625328955,2.89500321516578,8.351,3.50686976639459,-6.79510292197407,-14.1869570945957
GRC,2008,31695.8331092209,4.1527970811029,7.664,0.0574740238200775,-10.2661774047815,-14.6094922064777
GRC,2009,29425.4573200263,1.21007269197809,9.546,-4.11927606715011,-15.4065372983558,-10.9982860428605
GRC,2010,26653.0488008626,4.71298907760395,12.719,-5.6937412158003,-11.1248021125621,-10.2094499511211
GRC,2011,25504.7866510124,3.3298532335065,17.973,-9.87677875300243,-10.7389119947317,-10.0976272377955
GRC,2012,21624.346052551,1.50152696177758,24.731,-8.33113421099992,-9.64447586219377,-2.58418506053025
GRC,2013,21573.3449762805,-0.921269454256899,27.686,-2.27211699888024,-14.0252952861954,-2.13029886404193
GRC,2014,21474.7257123892,-1.31226096405525,26.708,0.792225060962835,-4.07390521833749,-1.43786972023484
GRC,2015,17980.7298238137,-1.73588804765275,24.981,-0.228301892172851,-6.18545961591712,-1.5031156236834
GRC,2016,17919.2426377048,-0.825653978391033,23.514,-0.0317947678412054,-0.106048681446585,-2.30350655253683
GRC,2017,18631.9930129293,1.12125452031425,21.413,1.47312472702352,0.358555379698674,-2.38344142611836
GRC,2018,19873.4015238771,0.62562141345364,19.179,2.06467207892409,0.533730032794056,-3.55679128954824
GRC,2019,19335.3602002969,0.253007522038059,17.045,2.27718065334808,0.788416902869981,-2.11808020939794
GRC,2020,17886.733165236,-1.24798355581405,15.899,-9.19623149726978,-9.62519183086106,-7.12181074881181
GRC,2021,20654.7001960815,1.22382501019854,14.656,8.65449786002131,-7.15374762998925,-7.1523233874729
GRC,2022,20886.5243087629,9.64525981280642,12.426,5.52198580589408,-2.40279800465548,-10.8779875356728
GRC,2023,23343.7103964562,3.46480128513405,11.023,2.13591131996631,-1.17408166218631,-6.77841375377555
GRC,2024,24626.1481858973,2.74101875679477,10.02,2.0865743380603,1.2165452536903,-7.10950344070576
HUN,1990,3323.53967237633,28.3695996532777,,-3.49665976181741,0.784689906352891,1.09803288439459
HUN,1991,3361.22268037924,34.8175429072704,8.5,-11.8920408618435,-4.44008117458483,1.15628180527935
HUN,1992,3747.32966394956,23.6557207806552,9.942,-3.06418034558638,-7.8292100731692,0.905662683648786
HUN,1993,3886.66608419616,22.4642346133809,12.098,-0.576108518425613,-8.44383587928419,-10.5883858606661
HUN,1994,4187.0311799663,18.8680749869283,10.847,2.94715455541068,-7.72963996600491,-9.35987499538879
HUN,1995,4509.41740910077,28.3054683706654,10.168,1.48952547593046,-8.70405582090531,-3.67533531615297
HUN,1996,4542.0120380978,23.4690301919185,10.022,0.101234227633242,-4.7374045673393,-3.95886426279274
HUN,1997,4606.0569733295,18.3050744143799,8.991,2.97787906543104,-5.51836666463358,-4.51433363272401
HUN,1998,4751.7732430202,14.153789654534,8.925,3.84810814449837,-7.11582174263091,-7.62873647734146
HUN,1999,4801.95949584162,9.99774409303368,6.929,3.08605811588221,-5.26947017945236,-8.35837228319571
HUN,2000,4629.91760812548,9.80361016908125,6.563,4.40937501806403,-2.76898757305969,-8.82808863842537
HUN,2001,5280.94887987063,9.11680911680911,5.671,4.06202617226026,-4.10941457584603,-6.11450861059176
HUN,2002,6658.04494326809,5.26544821583985,5.608,4.73006530805553,-7.93660877555901,-6.44836058797406
HUN,2003,8410.09248198479,4.66101694915254,5.79,3.93877761242727,-7.03786994814377,-8.26371787576548
HUN,2004,10291.2694721409,6.74434679569469,5.832,4.96312536156307,-6.31786402163284,-9.08123363089424
HUN,2005,11212.2046968994,3.56151711378352,7.189,4.30028318461673,-7.25228109035142,-9.88681019702465
HUN,2006,11478.4891640501,3.93032603841001,7.494,3.93393162712054,-8.48066904506707,-7.28544270320023
HUN,2007,13934.605460375,7.9587451654491,7.406,0.332354337878925,-4.9735257221284,-7.28636440088967
HUN,2008,15762.6322515113,6.0425125388106,7.817,0.993437085479655,-3.85226276658235,-7.26832036226062
HUN,2009,13051.1831777184,4.21171171171171,10.03,-6.7401660845502,-4.36882173811197,-1.21974951373381
HUN,2010,13189.8433874768,4.85555795691956,11.172,1.06795068152046,-3.59390894702933,-0.188218208390541
HUN,2011,14211.460557822,3.9299209893507,11.029,1.91670916599742,-5.81642231093931,0.428842717780173
HUN,2012,12950.1594488143,5.65214517088646,11.003,-1.33948446518181,-2.81365735205682,1.0790451227521
HUN,2013,13739.4620151401,1.73319984983101,10.177,2.03216990678146,-5.07452804147097,2.99109062228032
HUN,2014,14352.501883174,-0.227566270988219,7.725,4.33435364113967,-4.1189940405346,0.747477578049868
HUN,2015,12782.9412577973,-0.0616446800641672,6.813,3.65981615406955,-2.16735975427011,2.11856059497338
HUN,2016,13215.8605277789,0.394769306686392,5.115,2.43864141309342,-2.07578968228637,4.40234047330024
HUN,2017,14736.1668157258,2.34824281150154,4.156,4.12418389451805,-2.50714404126568,1.71954655139941
HUN,2018,16605.0570511887,2.85024792594646,3.667,5.60613813768876,-2.11523129548838,0.340906702488933
HUN,2019,17012.8598553199,3.33858635382008,3.411,5.07718495088933,-1.9346209934916,-0.606737568975118
HUN,2020,16386.9308821258,3.32674385766738,4.248,-4.33872540024058,-7.59176951471206,-1.03428088875148
HUN,2021,19030.628130329,5.11096534382855,4.021,7.22291580811137,-7.26782241171267,-4.28505680487641
HUN,2022,18428.028825614,14.6081439492433,3.583,4.15238057779229,-5.94965682100846,-8.86819485242409
HUN,2023,22230.6277875187,17.1249659678737,4.096,-0.817107370513455,-6.52190502799024,-0.00361531860726958
HUN,2024,23292.3263882478,3.70370370370369,4.5,0.560117843140432,-4.46478293103655,1.58180029565553
IDN,1990,578.420121135382,7.81919756505635,,7.24213163856464,0.432521528938042,-2.81513051122
IDN,1991,624.387495384411,9.41906784347004,2.617,6.91198283591309,0.481863722256564,-3.6528272008554
IDN,1992,673.67103954742,7.52351006242677,2.734,6.49750651682714,-0.598342725326058,-2.17141753355818
IDN,1993,817.395116417856,9.6719108926401,2.782,6.49640812045304,0.404820487130954,-1.33285487006627
IDN,1994,899.793982949817,8.53199829189143,4.366,7.53997109551439,1.98917010295388,-1.57836291535994
IDN,1995,1011.22614205568,9.42030300572996,4.611,8.22000739903493,3.01508798076891,-3.1815838591366
IDN,1996,1118.92133024129,7.97328096513346,4.861,7.81818707670867,2.31594838593382,-3.37028227381292
IDN,1997,1044.60674832472,6.22615154887214,4.684,4.69987885390397,1.03368542532864,-2.2660591852136
IDN,1998,454.877800792123,58.4510413515526,5.459,-13.1267254923818,-1.74587903680185,4.2924639876273
IDN,1999,657.268934667018,20.4778324428892,6.358,0.79112608199847,,4.13060184583257
IDN,2000,763.711124950924,3.68862037056682,6.077,4.9200677470169,,4.84306452849134
IDN,2001,732.307093405708,11.5001160550887,6.082,3.64346644721492,,4.30104853135351
IDN,2002,881.002913569131,11.9001200338414,6.604,4.49947539085764,-0.294510518909138,3.99852690784087
IDN,2003,1043.2105838671,6.75731256333564,6.657,4.78036912167654,-2.31553339361608,3.45304287667862
IDN,2004,1126.84004447173,6.06406189133648,7.303,5.03087394501685,-1.10484369417859,0.60856132991737
IDN,2005,1238.21447629488,10.4532001873347,7.945,5.69257130383384,,0.0970882462390686
IDN,2006,1558.31562847163,13.108670985346,7.551,5.50095178520348,,2.97870868013903
IDN,2007,1823.21976255073,6.40656087966005,8.06,6.34502222667214,,2.4272641269679
IDN,2008,2124.55483920618,10.2266663272483,7.208,6.01370360009123,-0.0832745905423805,0.0246933252771075
IDN,2009,2218.48541852977,4.38641311792074,6.106,4.62887118256153,-1.58058661484227,1.96977056223519
IDN,2010,3065.68348377765,5.13420639015885,5.614,6.22385418062366,,0.681277286848336
IDN,2011,3579.46442466152,5.35604849112582,5.153,6.16978420771008,,0.188703954012604
IDN,2012,3632.27254030331,4.2795142691943,4.468,6.03005065305615,,-2.66027359471414
IDN,2013,3566.60284506078,6.41249457900391,4.336,5.5572636889101,,-3.18996482895809
IDN,2014,3441.06808464008,6.39492882396559,4.049,5.006668425755,,-3.08816907525921
IDN,2015,3288.22269725538,6.36312061196646,4.514,4.87632230022123,,-2.03504192745968
IDN,2016,3521.46943457574,3.52580452815451,4.301,5.03306918280177,,-1.81915089251384
IDN,2017,3798.88326174526,3.80879857691949,3.783,5.06978590134916,,-1.59465689989364
IDN,2018,3860.95353090726,3.19834755924996,4.387,5.17429153955024,,-2.93907291477017
IDN,2019,4106.94856160358,3.03058460941661,3.59,5.01928768046282,,-2.7056619813955
IDN,2020,3853.70288774146,1.91983527270793,4.255,-2.06551182934165,,-0.418606247736126
IDN,2021,4287.17313995098,1.56007882983334,3.827,3.70288562827751,,0.295885914526078
IDN,2022,4730.83484836107,4.20946463714784,3.462,5.30719722664799,,1.00182875104005
IDN,2023,4876.30774512252,3.66938654859761,3.308,5.04902331835997,,-0.148899338519633
IDN,2024,4925.43048751861,2.18151273615189,3.301,5.03034469419038,,-0.614730822956647
IND,1990,371.085936203765,8.9712325027325,,5.53345456125301,-3.38633714083737,-2.19193586906134
IND,1991,305.574055928592,13.8702461773683,7.641,1.05683143496063,-2.24941701494413,-1.58891131223691
IND,1992,319.182472626315,11.7878170418134,7.649,5.48239602040357,-2.30663345242329,-1.55624498023457
IND,1993,302.884806246174,6.32689048779867,7.662,4.75077621776924,-3.90437165996765,-0.67161886953087
IND,1994,347.73421473994,10.2479355556119,7.593,6.65892407028434,-2.40392368248284,-0.512193818555587
IND,1995,375.17600537305,10.2248861637544,7.57,7.57449183788519,-2.18068827030502,-1.54413181166043
IND,1996,401.046754673579,8.97715233826453,7.537,7.54952224920051,-2.01868924006667,-1.51595497295367
IND,1997,416.228116203753,7.16425211462724,7.574,4.04982084998183,-2.79027832021128,-0.713014326393887
IND,1998,413.630864056851,13.2308389767977,7.596,6.18441582172117,-3.30288882808931,-1.63832533358649
IND,1999,441.927991436397,4.66982038037594,7.583,8.84575555939531,-3.28105722552638,-0.70354723219324
IND,2000,442.750218937263,4.0094359104519,7.589,3.84099115659129,-3.81029698727217,-0.982342580017137
IND,2001,450.357900514128,3.77929312235637,7.611,4.82396626555771,-4.3480533950568,0.290495460210206
IND,2002,469.149928973927,4.29715203929563,7.681,3.80397532112175,-4.66165278845976,1.37093793900847
IND,2003,544.143133545002,3.80585899528851,7.633,7.8603814759073,-3.43004355011113,1.44355773291234
IND,2004,624.258826510066,3.76725173477515,7.598,7.92293661199932,-3.25615794219875,0.110018010197154
IND,2005,710.488080408949,4.24634362031922,7.551,7.92343062148318,-3.23146948310993,-1.25350400207393
IND,2006,801.668353659022,5.79652337561634,7.553,8.06073257166651,-2.26402820004874,-0.988988302952292
IND,2007,1021.88707706826,6.37288135593231,7.562,7.6608150670107,-0.479110412536923,-0.663717648772608
IND,2008,992.519584923828,8.34926704907581,7.629,3.08669805921981,-4.97258655315357,-2.58337749259837
IND,2009,1094.94974598436,10.8823529411764,7.636,7.86188883286074,-5.51353416873553,-1.95146209111801
IND,2010,1347.51939071367,11.9893899204244,7.631,8.49758470221235,-3.48058118972693,-3.25348368945179
IND,2011,1445.46127486037,8.91179336483371,7.609,5.24131619937695,-3.20649564885787,-3.42928468606061
IND,2012,1429.32199520032,9.47899691419801,7.645,5.45638755166587,-3.7644761333206,-5.00488971805303
IND,2013,1432.84397512195,10.0178784746102,7.678,6.38610640094825,-4.06573304249265,-2.64566711733892
IND,2014,1553.88396075118,6.66565671867899,7.656,7.41022760508854,-3.24743717876857,-1.33950896483452
IND,2015,1583.99815907985,4.90697344127256,7.629,7.99625378571471,-2.77580962011863,-1.06754907167964
IND,2016,1707.50892912243,4.94821634062141,7.611,8.25630550179086,-2.41851614428797,-0.527880606037518
IND,2017,1950.10468280866,3.32817337461298,7.626,6.79538341897911,-2.55426517252434,-1.43948820320988
IND,2018,1966.25455171679,3.9388264669163,7.652,6.45385134497769,-2.30328908296065,-2.42697545810527
IND,2019,2041.42863698585,3.72950573539129,6.51,3.87143694070356,,-1.04961203910072
IND,2020,1907.04251637669,6.62343677628535,7.859,-5.77772470686801,,1.22362111042791
IND,2021,2239.61384367482,5.13140747176369,6.38,9.68959249192875,,-1.05524166809383
IND,2022,2347.44829434623,6.69903414079852,4.822,7.60936497768895,-5.10885108605465,-2.36247481487452
IND,2023,2530.12031278204,5.64914318907925,4.172,9.19075493028345,,-0.878262847208682
IND,2024,2694.73780859961,4.95303550973656,4.173,6.49476552383821,,-0.818831370412112
IRL,1990,14031.3025675469,3.31732886680118,,8.46652776398362,-2.37329931540259,
IRL,1991,14087.2074393708,3.21081037142378,15.771,1.9296401741083,-2.38544476531241,
IRL,1992,15714.3847487231,3.06999853835904,15.021,3.34327412603812,-2.60142319319879,
IRL,1993,14657.0615549805,1.46941522411422,15.571,2.69260841466448,-2.67197253989639,
IRL,1994,15902.9296755168,2.30920192610951,14.544,5.75582797061618,-2.32062378335037,
IRL,1995,19158.4564773907,2.52486446780802,11.97,9.63442136559036,-2.00625507453239,
IRL,1996,20835.8977130847,1.75574469607419,11.692,7.37962465765875,-0.128184733919749,
IRL,1997,22551.1139134126,1.5418020226137,10.191,11.0217650823433,1.41093618771641,
IRL,1998,24294.8547674007,2.40768094534715,7.699,8.7661226571214,2.24764603277545,
IRL,1999,26338.1077543817,1.62988605221407,5.804,10.5298856427062,3.59982867647686,
IRL,2000,26334.5672050501,5.57763269940387,4.318,9.40352476399653,4.97892585916795,
IRL,2001,28282.409882073,4.85280279607477,3.684,5.30582133514299,1.41560463010422,
IRL,2002,32705.4345565698,4.62820512820515,4.216,5.89936506079005,-0.19794424169539,
IRL,2003,41203.5295847568,3.49221909079765,4.478,3.01383869396012,0.0560528667558649,
IRL,2004,47754.2023194244,2.17854605730523,4.491,6.78813990621356,1.22302610986996,
IRL,2005,50933.0216095589,2.45654692931639,4.237,5.73978202625278,1.37481326710657,-3.37203846174545
IRL,2006,54329.1618599624,3.93576114001354,4.355,4.98785364537615,2.60128581565439,-3.38621096923659
IRL,2007,61396.417461176,4.88574537540802,4.98,5.31011830898613,0.454103994919637,-5.12758716999565
IRL,2008,61353.1065629523,4.03568834941391,6.774,-4.48407081043062,-6.66931923014063,-5.55568075659423
IRL,2009,52133.0906162544,-4.44754686876746,12.609,-5.09578277913846,-13.8148534973039,-2.11779729016475
IRL,2010,48623.9666422487,-0.918388645376774,14.534,1.68297175486512,-32.1343934443408,1.04615152452603
IRL,2011,52613.8540355689,2.5489783020855,15.354,1.60886648916944,-13.3384615557905,1.173984139213
IRL,2012,49335.8408099555,1.69474116680366,15.451,-0.40502941658977,-8.33396042616661,-3.39701735632397
IRL,2013,52537.6108648692,0.515099484900573,13.735,2.1929375750029,-6.20009031176037,2.39991550786299
IRL,2014,57214.5379785709,0.190916398713745,11.858,9.38579335130922,-3.64590580008352,2.07694324359567
IRL,2015,64250.1385181257,-0.330959783371788,9.908,24.6239856364006,-2.10699973407438,6.1720383024774
IRL,2016,64129.5571542383,0.0201247735963237,8.374,1.22271661130947,-0.825888471294573,-1.19161269456651
IRL,2017,72161.4047531385,0.362173038229378,6.713,10.1088576065965,-0.314399171039482,1.64860491292148
IRL,2018,80804.1123164826,0.471130713712916,5.741,7.68865937437435,0.0961400868125887,4.53318492198398
IRL,2019,81827.6688873996,0.937842961189274,4.95,4.97288003766816,0.571157387132767,-20.557569947865
IRL,2020,86514.0706108754,-0.326183651280033,5.623,7.15369505735335,-4.78779833299039,-6.72117635432936
IRL,2021,103783.446284479,2.34034113447044,6.357,16.2581881158197,-1.1931671737681,12.2773633997729
IRL,2022,105190.685952731,7.82945736434105,4.465,7.51113888415304,1.72855426675892,8.83145214804832
IRL,2023,106818.917130804,6.29942487419125,4.243,-2.53637409313261,1.59120306790431,7.88616983666685
IRL,2024,112894.953240805,2.11344999577317,4.3,2.59946721553708,4.40665515092391,17.3995604849009
ITA,1990,20873.7834092719,6.456609061464,,1.98577491758405,,-1.38838935215218
ITA,1991,22007.1350964074,6.24999929790291,10.097,1.53844759206665,,-1.94553731555977
ITA,1992,23297.0460325456,5.2705899859293,9.321,0.834275417393798,,-2.21274668808671
ITA,1993,18781.9529427137,4.62673468331298,10.212,-0.852805731913904,,0.724434293633527
ITA,1994,19382.2002150155,4.05184218065716,11.086,2.15102367074849,,1.1980637161955
ITA,1995,20712.1798690324,5.23542258044301,11.661,2.88683671925843,-7.3266500484745,2.13154267228954
ITA,1996,23122.9337219116,4.0069766898104,11.864,1.34558477192847,-6.38046227642708,3.04033411855202
ITA,1997,21883.9872666651,2.04310779750136,11.985,1.92572122608527,-2.58918979928254,2.59252960256439
ITA,1998,22365.1837644545,1.95508557719381,12.117,1.8043732818638,-2.32322821647152,1.57984290749102
ITA,1999,22049.9990620261,1.66345995007714,11.681,1.67799157943422,-1.6806933923893,0.79555262294696
ITA,2000,20190.0035636084,2.53768532095002,10.834,3.88209885062652,-2.16269334695434,-0.270230356072507
ITA,2001,20570.4385917862,2.78516542713554,9.599,2.00643329837733,-2.77795799264127,0.15478537448926
ITA,2002,22451.3964379368,2.46532319171165,9.211,0.26992966378873,-2.07189509165581,-0.489738960441859
ITA,2003,27577.5700319855,2.6725555277285,8.869,0.0665538088732092,-2.87583268662113,-0.766212290849881
ITA,2004,31348.1901841445,2.20673661423657,7.866,1.4740217064723,-2.55366532903898,-0.4953081424742
ITA,2005,32062.723833669,1.9852929852798,7.73,0.762410677306491,-3.31364761331519,-0.896244191801551
ITA,2006,33537.1286994269,2.09084391012754,6.777,1.79947992234244,-2.69452943403663,-1.44603855867144
ITA,2007,37826.1754554823,1.82974112202403,6.076,1.46229205289291,-1.28968446665551,-1.35566295251184
ITA,2008,40828.5795580937,3.34783258401022,6.723,-1.02313851177097,-2.45911891985417,-2.68669173430211
ITA,2009,37099.6133958219,0.774768131387381,7.749,-5.30515401233991,-4.85806891303036,-1.77411764067094
ITA,2010,35856.8625485539,1.52551602118248,8.363,1.52910573247101,-3.70890302987488,-3.24412215335914
ITA,2011,38432.3742820019,2.78063272879323,8.359,0.695463154440176,-3.24485498703904,-2.74163808728921
ITA,2012,34854.3949441965,3.04136333226775,10.655,-3.12523877282996,-3.26621648559295,-0.215238993496647
ITA,2013,35701.6746002376,1.21999342274306,12.149,-1.81802510749792,-2.92815338088439,1.03825599780866
ITA,2014,36028.3494022349,0.241047429826756,12.683,-0.00138761730454462,-2.9923514126147,1.70979552518118
ITA,2015,30639.8829751432,0.0387903996579733,11.896,0.885667635240807,-2.79069454246877,1.23326652485504
ITA,2016,31391.5692898108,-0.09401665691575,11.688,1.23622108511661,-2.56449706300829,2.46140246001819
ITA,2017,32844.115660604,1.22653316645812,11.211,1.60369995294101,-2.65154403027126,2.47968309636806
ITA,2018,34904.1081923834,1.13748763600391,10.538,0.826646712344115,-2.37874466093101,2.57144669559437
ITA,2019,33812.788724868,0.611246943765304,9.884,0.429162533780342,-1.55171637768624,3.23388196417885
ITA,2020,32091.4866621366,-0.13770757391651,9.192,-8.86822122185345,-9.24532334170793,3.9369545603398
ITA,2021,36852.5425414951,1.87378325762481,9.497,8.93106210800055,-8.65353376599736,2.03966459401318
ITA,2022,35653.9042103495,8.20128991161718,8.069,4.82117669913565,-7.98754759962176,-1.82962143546248
ITA,2023,39277.0838783918,5.62219442195901,7.627,0.975694840127005,-7.42415167504068,0.224243443277791
ITA,2024,40385.3413957669,0.982373023061417,6.5,0.692676948440536,-3.44286834349615,1.08253400174467
JPN,1990,25801.3950393094,3.0785162869516,,4.84092905699353,,
JPN,1991,29428.4289039469,3.25143848753308,2.059,3.52335723553459,,
JPN,1992,31992.7902119161,1.7602830605927,2.158,0.900586066438109,,
JPN,1993,36345.2441262708,1.24304589707924,2.539,-0.459219716250544,,
JPN,1994,39933.5150564874,0.695458057869004,2.89,1.0833831743207,,
JPN,1995,44197.6191013908,-0.127899045020446,3.15,2.6309996164206,,
JPN,1996,39150.0396308089,0.136600358575909,3.383,3.13387099272759,,1.40135364357911
JPN,1997,35638.2319556941,1.74780458692133,3.374,0.981228732290873,,2.12480738385175
JPN,1998,32423.7556133801,0.661974191385911,4.078,-1.27033049466078,,2.79831344439405
JPN,1999,36610.1683163197,-0.341296928327554,4.677,-0.333929957687772,,2.46175299896327
JPN,2000,39169.3595701504,-0.676578683595175,4.748,2.76464755136783,,2.63045548903537
JPN,2001,34406.1824638092,-0.740055504162738,5.02,0.386103426142029,,1.97087092323799
JPN,2002,32820.7936433254,-0.923494026942321,5.386,0.0419624992862282,,2.60256520794996
JPN,2003,35387.0374203599,-0.256541816316025,5.251,1.53512549946694,,3.08393890811206
JPN,2004,38298.9801712303,-0.00857338820310272,4.734,2.18611569439318,,3.71938350458583
JPN,2005,37812.8950199948,-0.282946068764391,4.446,1.80390087215821,,3.52114065640565
JPN,2006,35991.546002862,0.249355116079085,4.192,1.3723501275831,,3.79586172862875
JPN,2007,35779.0245416427,0.060039454498669,3.888,1.48396941157472,,4.62330048259254
JPN,2008,39876.3039685725,1.3800788616492,4.002,-1.22428900061713,,2.78294234789654
JPN,2009,41308.9968370512,-1.35283672951719,5.068,-5.69323635892741,,2.75409583494434
JPN,2010,44968.1562349739,-0.728243207517779,5.102,4.09791791943181,,3.83547896264375
JPN,2011,48760.0789494211,-0.27245561610124,4.55,0.0238095237995424,,2.07915328846556
JPN,2012,49145.2804308193,-0.0440645104432602,4.358,1.37475099905274,,0.958442611412039
JPN,2013,40898.6478964744,0.335037912184741,4.038,2.00510017681211,,0.889785415808861
JPN,2014,38475.3952461838,2.75922671353253,3.589,0.296205514141889,,0.742322049627636
JPN,2015,34960.6393843385,0.795279630579839,3.385,1.56062669680782,,3.07027965906978
JPN,2016,39375.4731620781,-0.127258844489754,3.132,0.753826745789127,,3.93809128404803
JPN,2017,38834.0529341227,0.484199796126385,2.822,1.67533175173359,,4.12036966283799
JPN,2018,39751.1330982711,0.989094598021848,2.467,0.643391023533141,,3.51661817468288
JPN,2019,40415.9567649547,0.46877615938395,2.351,-0.402169200894946,,3.45076611445327
JPN,2020,40028.7341726762,-0.024995834027731,2.809,-4.16876457146743,,2.96847858242383
JPN,2021,40094.5599795288,-0.233352779398264,2.808,2.69657404187188,,3.89996604353178
JPN,2022,34065.6438962526,2.49770278172255,2.614,0.941998775483285,,2.11637961936876
JPN,2023,33836.1756271617,3.26813365933163,2.6,1.47503481053384,,3.72552370226115
JPN,2024,32487.0778047567,2.73853681635241,2.5,0.104309021773304,,4.71136516065292
KOR,1990,6812.9019416767,8.57327225728677,,10.0248996213899,1.49241023527351,-0.960131298063108
KOR,1991,7872.65052449111,9.33279048161495,2.407,10.8749739277708,0.479667345295279,-2.35688840135155
KOR,1992,8387.16308258471,6.21328146355184,2.513,6.35159199606441,1.05747363996461,-0.79068728488668
KOR,1993,9179.96872485152,4.80099660215354,2.878,6.99471791742556,1.76264049688037,0.416090198515083
KOR,1994,10733.9888860657,6.26585950039679,2.476,9.3718357757101,1.87586072188689,-1.00035102707401
KOR,1995,13001.7205867019,4.48074108557248,2.063,9.7358937505409,2.15994662386433,-1.74482962406712
KOR,1996,13864.9376534518,4.92454354292754,2.048,7.99042982526839,2.29868577879206,-3.87535195507046
KOR,1997,12821.6893313675,4.4389318457463,2.608,6.2821926537929,2.3148891529379,-1.83493782106041
KOR,1998,8583.43557499234,7.51358008079307,6.963,-4.9389297463141,1.09069933218616,10.0964211010999
KOR,1999,11062.5019301357,0.81295725444637,6.342,11.6172629559591,1.14534931042869,4.22430160551507
KOR,2000,12710.2995795579,2.25916580080157,4.063,9.2018583880479,3.9051817242501,1.7039361599544
KOR,2001,11981.4828218758,4.06657587897792,3.699,4.72593560322356,2.41990050538873,0.381489475071825
KOR,2002,13642.9424537101,2.76226210296599,3.046,7.74399895319569,3.22879855941538,0.625539996245813
KOR,2003,15211.5483770422,3.51487451459939,3.348,3.07472661826947,1.5085415383708,1.55223664563709
KOR,2004,17121.6301633201,3.59066298882578,3.42,5.1836368597334,0.0862734841661016,3.55783305096389
KOR,2005,20167.0474902506,2.75379162735039,3.482,4.35823667337156,0.791870378641757,1.25636444462509
KOR,2006,22609.7059431449,2.24234028518921,3.254,5.24500550580342,0.992996597757289,0.191275272898578
KOR,2007,25078.4853957105,2.53457382137932,3.013,5.8419633918717,1.99288681690124,0.857760495298849
KOR,2008,22252.3125108061,4.67389655533408,2.959,3.00440451679569,1.39811669905448,0.160592800145373
KOR,2009,19937.3029137734,2.7564965449393,3.363,0.81986175641795,0.016207369441144,3.36575830090763
KOR,2010,24071.2620526362,2.93928652655686,3.324,6.98166138853071,1.40634655497853,2.34320897623578
KOR,2011,26175.2398553363,4.0259650043609,2.992,3.6880320602952,1.55553545151527,1.27290610804572
KOR,2012,26600.5477433903,2.18707104433314,2.812,2.54766550568242,1.13941616992012,3.65378622367594
KOR,2013,28449.3591104972,1.30134754547413,3.067,3.2913959543442,1.22923995355132,5.38513504027402
KOR,2014,30667.0912467447,1.27477446401322,3.082,3.21468019683108,0.952240545791331,5.33522703805369
KOR,2015,30171.7906545222,0.70633177245575,3.546,2.92029267301234,0.72835386706601,6.82937629347486
KOR,2016,30832.0628072516,0.971685739912168,3.65,3.17152748983935,1.78299143304811,6.20103649558332
KOR,2017,33296.9845439195,1.94433230786366,3.653,3.433191763972,1.794788533623,4.39896168114518
KOR,2018,35363.9508228687,1.47583935002645,3.824,3.17611568177327,2.28487854818778,4.24648147146115
KOR,2019,33826.9443301597,0.383000303608136,3.746,2.31380210595475,0.0352267388925863,3.40802631398853
KOR,2020,33645.7719545073,0.537288023411737,3.931,-0.700242317542106,-1.92144767575192,4.38648608581777
KOR,2021,37518.4635305697,2.49833333333339,3.639,4.61296795454287,-0.723170898998876,4.31851487245382
KOR,2022,34822.4048404971,5.08951365062842,2.857,2.72756456708991,-1.74784573111172,1.29147917850335
KOR,2023,35674.095995632,3.5974562502901,2.675,1.58301467403629,-1.01976823616344,1.76334472698699
KOR,2024,36238.639908315,2.32174328643542,2.784,2.00361101838986,,5.33081628105267
LUX,1990,33465.478207919,3.25376659083639,,5.31993336839281,2.73653586422849,
LUX,1991,35747.3377992066,3.11835659874851,1.482,8.64419071515121,2.69428614383262,
LUX,1992,39570.8615665986,3.15417375961789,2.029,1.81965297334699,1.50799616409247,
LUX,1993,40066.7242518773,3.58809818535164,2.33,4.20064695547975,1.87312367252607,
LUX,1994,43933.235442736,2.1947646868907,3.479,3.82092168668748,2.15612853139865,
LUX,1995,51032.349635318,1.86769424969105,2.918,1.43220019776147,2.32393694755602,
LUX,1996,50444.3591236175,1.18385968843571,3.286,1.39807549779829,1.89238689109053,
LUX,1997,46641.6408754876,1.36751261207943,2.527,5.41983084056754,2.0701115497478,
LUX,1998,47445.3810812051,0.958570110494674,2.763,6.67451290702765,2.59056055208814,
LUX,1999,50872.4492684624,1.02519676474932,2.39,8.17518184900963,2.9503947364771,7.53220825687085
LUX,2000,48659.5988753233,3.15076707022592,2.345,6.93812976136098,5.06398517673367,11.7980371292523
LUX,2001,48440.1420151355,2.66382110579103,1.805,3.07435550952719,5.49320392569664,7.73705438915602
LUX,2002,53005.7339209179,2.07408613571643,2.621,3.22541782301025,1.91337092251942,7.14278268194218
LUX,2003,65689.3214536911,2.04984030563518,3.675,2.61937861354482,0.274938845180594,7.23971396614444
LUX,2004,76544.9170868473,2.22567916428889,5.113,4.23188928835465,-1.29137962453742,7.20483504462228
LUX,2005,80988.1376230858,2.48769665164088,4.488,2.48287498468387,0.0944718246625127,6.9258412074691
LUX,2006,90788.8004876145,2.66631494577069,4.731,6.0167154014547,1.70347398225811,6.64664035033178
LUX,2007,107475.320297978,2.31245861786127,4.065,8.09866723048083,3.99542233558171,6.54715391196004
LUX,2008,120422.137934157,3.40187963025571,5.06,-0.300175624936841,2.95016498432287,6.21864838142358
LUX,2009,109419.746953106,0.368041997888887,5.194,-3.23895409147492,-0.0841930203479099,5.51620322817162
LUX,2010,110885.991378721,2.2736791162154,4.423,3.76041454320028,-0.474865819323126,5.81430386608805
LUX,2011,119025.057203467,3.41068341068342,5.122,1.04429855323325,0.355759633057577,5.6295357320779
LUX,2012,112584.676270958,2.66284165508021,5.03,1.64990212764553,0.0165734439994912,5.25542496415208
LUX,2013,120000.140729859,1.73403963519162,6.045,3.17178989968683,0.51826387275362,5.20354851275535
LUX,2014,123678.702143275,0.628543985440717,6.044,2.62308679154881,1.06325534613695,4.92857348332843
LUX,2015,105462.012584423,0.474743161437779,6.796,2.26978423302835,1.03869979378787,5.62139533101289
LUX,2016,106899.293549552,0.290833333333317,6.669,4.97819011520116,1.64896434440693,7.4151706961373
LUX,2017,110193.213797228,1.73079959118887,5.523,1.31718713754285,1.22721148855372,6.18033427082301
LUX,2018,116926.759593905,1.5281952430738,5.589,1.61129561338169,2.7759472418911,8.31991324789161
LUX,2019,112696.649059674,1.74332075653848,5.592,2.74931929072659,2.19976822890256,8.62080023660203
LUX,2020,116860.02817236,0.819957302127036,6.766,-0.510051634039826,-3.15874104627061,4.87511550397285
LUX,2021,134965.815442152,2.52692009066166,5.571,6.9297342584233,1.02985509251645,4.99186571107893
LUX,2022,123719.658915996,6.33600807777919,4.588,-1.0974168968152,0.420690698222542,5.46205930596557
LUX,2023,133230.619178899,3.74140361983136,5.184,0.0994399943552651,-0.326246686525694,6.8519368442551
LUX,2024,137781.681659123,2.05113269954859,6.4,0.35861253942069,0.815035643885121,4.39539454622425
MEX,1990,3154.46920349038,26.6516725646771,,5.25004329944582,-2.55932951021364,-2.85201728941809
MEX,1991,3708.8420548157,22.662359455061,3.145,3.97590497138043,-0.000317396457863973,-4.75442816258017
MEX,1992,4220.56643677057,15.5078962533573,3.235,3.56861354412243,0.97932583218254,-6.73040694268406
MEX,1993,6048.34840388099,9.75146045357553,3.365,2.86699945461075,0.17805057334682,-4.41375552546445
MEX,1994,6202.36588372862,6.96581237191123,4.436,4.39412788764169,-0.00160554331168226,-5.35786349392844
MEX,1995,4183.87847727479,34.9992712889592,7.095,-5.91029962358286,-0.46472035226814,-0.414680790187327
MEX,1996,4674.36792733681,34.3783832235168,5.465,6.21829715869302,-0.101822022545758,-0.580284830782932
MEX,1997,5567.35599516667,20.6256287259247,4.235,7.19887615284711,-1.15908310862782,-1.46431251799993
MEX,1998,5832.69342004468,15.9283950119353,3.733,6.18507893082885,-1.23226285671273,-2.8688383681894
MEX,1999,6499.97182950425,16.5856169707538,2.598,2.75503039300564,-1.28729184542392,-2.21778204046026
MEX,2000,7524.0271380091,9.49156149435403,2.646,5.02928399378261,-0.91702482458329,-2.52707170138346
MEX,2001,7952.76479510706,6.36773806235037,2.627,-0.450845253215945,,-2.23003398954777
MEX,2002,7983.03398381759,5.03072733151295,3.003,-0.236588001922641,,-1.52936520808687
MEX,2003,7434.0746485155,4.54690012118718,3.455,1.18554486709559,,-0.526761129661888
MEX,2004,7849.66759649565,4.68840884843143,3.937,3.56544100946846,,-0.464775659455354
MEX,2005,8671.75891885163,3.98805714597437,3.558,2.11324712586392,,-0.623534401583354
MEX,2006,9512.63575346699,3.62946762439132,3.566,4.80501352746852,,-0.316555541136008
MEX,2007,10134.3327138119,3.96684905458235,3.628,2.07786393438754,,-0.844640815298196
MEX,2008,10523.7685403244,5.12498274575896,3.874,0.943331863036903,,-1.40680860965349
MEX,2009,8423.56933214711,5.29735584228856,5.356,-6.29525055780502,-4.30408718038352,-0.750921220758988
MEX,2010,9728.80078377082,4.15672722680174,5.303,4.9713345832195,-3.80570262482064,-0.339592498650934
MEX,2011,10664.4944032313,3.40737824605742,5.175,3.44404505794418,-3.41832172594093,-0.857892612318958
MEX,2012,10744.1335242686,4.11150981070289,4.892,3.55321075993527,-3.65642642568658,-1.40984864750596
MEX,2013,11216.8008505428,3.80639069747204,4.921,0.852101559410627,-3.2035422404376,-2.39396960197863
MEX,2014,11391.3773497683,4.01861608078679,4.819,2.50376350288664,-4.01250102453845,-1.82131927662925
MEX,2015,10021.2386118827,2.72064064964023,4.311,2.70232342550646,-3.11885188192299,-2.59917628210589
MEX,2016,9097.92397674769,2.8217078474766,3.853,1.77249323845399,-1.62118179871436,-2.27311198277187
MEX,2017,9649.27816772402,6.04145724018986,3.419,1.87172853327193,-0.845266946151578,-1.79746290774801
MEX,2018,10084.7937562021,4.89935015356551,3.275,1.97208209405635,-2.11318831516787,-2.06414074457574
MEX,2019,10369.5553585271,3.63596142127046,3.477,-0.392690505066824,-1.61318460276811,-0.296844402044544
MEX,2020,8841.27075039868,3.39683415570006,4.44,-8.35403458167995,-3.63899768692085,2.39710320533218
MEX,2021,10314.0506722115,5.68920847683753,4.019,6.0484834621255,-3.32386358587642,-0.340708629776388
MEX,2022,11405.7940473759,7.8962761916855,3.256,3.70975709163623,-4.30934820805177,-1.27426718186171
MEX,2023,13860.9597809326,5.52796087314389,2.765,3.35354140652768,-4.18573429010021,-0.697558185892173
MEX,2024,14185.7812248529,4.72225588452932,2.678,1.42742769080466,-5.86570346895348,-0.899378006983485
NGA,1990,556.376449130902,7.36440030557696,,11.7768859342067,,9.23137171937244
NGA,1991,596.938795710722,13.0069731037428,3.831,0.358352601660286,,2.02019931723546
NGA,1992,508.515905682785,44.588842715023,3.79,4.63119294607692,,4.35622764868938
NGA,1993,539.573202297542,57.1652528349217,4.023,-2.03511877399139,,-1.37583994197616
NGA,1994,744.884247151377,57.0317089119659,4.064,-1.81492448525675,,-2.64669476661827
NGA,1995,1271.61617353199,72.8355022972638,4.152,-0.0726647639378371,,-0.569349975254787
NGA,1996,1632.72469370276,29.2682926829271,4.043,4.19592404660108,,0.591612746659758
NGA,1997,1720.27540949396,8.52987421383634,3.964,2.93709941924898,,0.0837634925250446
NGA,1998,1822.46998452473,9.99637812386806,3.922,2.58125410192937,,-0.553602928004352
NGA,1999,480.669363941805,6.61837339479751,3.986,0.584126892918889,,0.85510086297063
NGA,2000,547.318298903379,6.93329215565161,3.953,5.01593475931152,,10.7371768862311
NGA,2001,566.428231812933,18.8736462093863,3.9,5.91768464920371,,3.36845503733351
NGA,2002,712.164852077686,12.8765792031099,3.669,15.3291557409559,,1.13946817426015
NGA,2003,763.388745367223,14.0317836131437,3.637,7.34719496799492,,3.23719691054246
NGA,2004,962.48104194733,14.9980338183251,3.59,9.2505582291798,,12.4042052774237
NGA,2005,1211.37703504386,17.8634933661605,3.727,6.43851652538348,,20.7940448372853
NGA,2006,1599.53891556365,8.22522152017047,3.749,6.05942803202906,,15.3142425877273
NGA,2007,1815.52697545827,5.38800796858626,3.794,6.59113036068679,,9.93609280353565
NGA,2008,2154.10543545364,11.5810751748252,3.792,6.76447277780228,,8.58534493307947
NGA,2009,1820.48633854782,12.5378277304689,3.763,8.03692510099023,,4.70138235015375
NGA,2010,2202.25672957344,13.7400521363694,3.744,8.00565591628701,,3.57264829109624
NGA,2011,2418.41316975875,10.8261371880017,3.77,5.30792420289453,,2.57400123356654
NGA,2012,2633.19734671361,12.2242413020584,3.761,4.23006117493223,,3.7446896447893
NGA,2013,2872.79083379398,8.49551838265669,3.711,6.67133539306167,,3.66244030371784
NGA,2014,3088.72131316169,8.04741087967907,3.9,6.30971865525431,,0.157882534299197
NGA,2015,2585.73360671797,9.00943498007706,4.134,2.65269329543001,,-3.13140101186134
NGA,2016,2070.4127339595,15.6968126387972,4.499,-1.61686894906509,,1.25472098152786
NGA,2017,1876.34027111773,16.5022662139641,4.83,0.805886619102438,,3.60982550121523
NGA,2018,2057.87944554011,12.0951065173432,5.069,1.92275734200614,,1.72693303668361
NGA,2019,3189.81286498516,11.3964223378116,5.206,2.20842927714892,,-2.04801100743442
NGA,2020,2797.18458068686,13.2460234276597,5.714,-6.36889840510109,,-2.67061135743196
NGA,2021,2787.48779224428,16.9528457221608,5.404,1.10925253938163,,-0.534215770594035
NGA,2022,2899.16047470324,18.8471877843274,3.827,4.31882949523192,,0.157446238586316
NGA,2023,2138.76383719983,24.659550203114,3.074,3.32684556421316,,1.31788745937756
NGA,2024,1084.16041805436,33.2420966545406,3.045,4.06236408888319,,6.82436415121879
NLD,1990,21322.1944802703,2.45408985919675,,4.18322279220835,-4.03611133431203,2.53727950744813
NLD,1991,21764.2144987258,3.15819751859096,7.285,2.43913458059633,-2.04662462448113,2.27649103804339
NLD,1992,23939.2173482108,3.18358569499581,5.555,1.70607086906817,-2.97701185255215,1.88350974641952
NLD,1993,23156.4404444568,2.58418115634715,6.287,1.2575522529669,-2.74478604853737,3.72901695535227
NLD,1994,24682.5866742863,2.80152693672192,7.159,2.96109249092605,-3.75950010299527,4.55484743526397
NLD,1995,29301.1940492376,1.92322457166359,7.157,3.11603588982837,-8.75278760847433,5.68975460228792
NLD,1996,29063.6236532536,2.11378787066774,6.421,3.42057733811352,-2.09962351578338,4.7637693691811
NLD,1997,26744.9601318097,2.10924562739483,5.511,4.24847954297027,-2.37326191635557,6.00630455392245
NLD,1998,27924.281808994,1.95913632274257,4.394,4.64778462461781,-1.32813627833117,2.97096972527192
NLD,1999,28318.7466538357,2.1571791805505,3.622,5.04332136430241,0.273240301516388,3.50211167072708
NLD,2000,26225.1697734149,2.36052233801958,2.725,4.2197537762102,1.15017769040074,1.73766088925111
NLD,2001,26955.7128032278,4.15584127195612,2.119,2.32357570819386,-0.275603023971872,2.26893537254394
NLD,2002,29446.5330872868,3.28753104712766,2.554,0.245785659129112,-1.73572929860947,2.3200196402228
NLD,2003,35896.7504630706,2.09199838997655,3.593,0.097832364227159,-2.73586572952859,5.13225020681316
NLD,2004,40611.3414353091,1.26364739183177,4.646,2.01630996216733,-1.49217511047401,6.7018638215175
NLD,2005,42165.396168388,1.6881301786962,5.872,2.03396336199143,-0.209537859640369,6.04101636574987
NLD,2006,45123.5432406426,1.10150106517709,5.007,3.53737509680782,0.319009131083133,7.75425232709905
NLD,2007,52100.7996285947,1.61385859802102,4.153,3.88530644801823,0.17871622977801,5.86450821149171
NLD,2008,58246.7026905874,2.48650198289457,3.658,2.11681593642137,0.636266906597431,4.06750194753687
NLD,2009,53172.0261581418,1.18977687021548,4.352,-3.66529049145096,-4.14822596334657,3.34540739416213
NLD,2010,51305.7338533973,1.27530569556679,4.991,1.31932032302214,-4.20312213267975,6.40659475745775
NLD,2011,54701.7728030611,2.34107017751373,4.977,1.77334516269423,-3.77507762803481,7.01569973680718
NLD,2012,50473.9442002689,2.45554765291614,5.821,-0.977876877747732,-3.41004387510786,7.50199225228894
NLD,2013,52602.2860520766,2.50689852657875,7.241,-0.0302325600539604,-2.51635072051349,7.90135338752684
NLD,2014,53457.2234864322,0.976035079699679,7.419,1.61261001294011,-1.94333558788554,8.54625757819212
NLD,2015,45793.8135434697,0.600248147278776,6.872,2.12060523860846,-1.65552258018379,4.84837059519835
NLD,2016,46808.5291492503,0.316666666666652,6.007,2.42428572955482,0.163015933627243,7.14588669256921
NLD,2017,49513.6817346384,1.38145871407216,4.837,2.78154619309936,1.40385504107951,8.04969631853887
NLD,2018,53955.0770024266,1.70349794744479,3.832,2.2587403735731,1.66879849810676,8.83776760941587
NLD,2019,53554.9007491475,2.63369910249591,3.379,2.30009157916757,2.16868108758242,6.79648399842587
NLD,2020,53467.9277413737,1.27246037789161,3.82,-3.86795333823223,-3.51577475035611,5.72296366531146
NLD,2021,60141.9880911492,2.67572008805385,4.209,6.2768306708326,-2.4492176546464,10.2781370842496
NLD,2022,59123.318556487,10.0012078753473,3.526,5.00723455159611,-0.282244269586042,6.82147679536226
NLD,2023,63515.6030780019,3.83839354342808,3.535,-0.598096167209832,-0.210354307502002,9.41409249872004
NLD,2024,67520.4218956281,3.34754304219953,3.7,1.08100584845663,-0.614009064028174,9.12996820020418
NOR,1990,28242.981402822,4.1310334831135,,1.93229130670601,1.83260630970273,3.32681988034128
NOR,1991,28596.9330036444,3.43819599109134,5.407,3.08443862114596,0.370971804370911,4.12461565471791
NOR,1992,30523.9850558974,2.32808504911848,5.91,3.5744589537378,-2.38693482787332,3.41719782044257
NOR,1993,27963.6979095744,2.28826933193061,5.965,2.8451826884301,-2.33410996713822,2.92107412417418
NOR,1994,29315.8092337732,1.37567498071478,5.349,5.0552739968782,-0.848600489054235,2.95773731509195
NOR,1995,34875.7043347536,2.46036778693729,6.307,4.1556430062232,3.18396740653987,3.4417823140897
NOR,1996,37321.9741993473,1.26253249164501,5.036,5.02791307591366,6.32158623723774,6.7079936617906
NOR,1997,36629.0309036621,2.56692335900252,4.687,5.28460660979037,7.56803406522158,6.2197314749599
NOR,1998,34803.4634058738,2.25241329996429,3.737,2.66868660973638,4.53602914195705,0.0039606056832463
NOR,1999,36393.2927471088,2.36596736596733,3.247,2.0720471690145,6.60856258730022,5.45536839944684
NOR,2000,38178.2368777076,3.08550609131279,3.458,3.31894570142394,15.3840088209646,14.6268809774529
NOR,2001,38601.897639231,3.00419703998233,3.738,2.06713043546189,13.8600173101816,15.8091308133007
NOR,2002,43170.557174499,1.28672528415184,4.022,1.37755702173065,8.97269754402565,12.3875440189491
NOR,2003,50250.3298214345,2.48782553461781,4.221,0.944909363247831,8.18911455302799,12.0747466077901
NOR,2004,57768.6980958462,0.454498502220863,4.256,4.01458802387079,11.4204671602569,12.4402161309479
NOR,2005,67047.1704558264,1.53213367609249,4.381,2.68512290339085,14.7377339528511,16.1196583458525
NOR,2006,74434.4996835671,2.3293498075755,3.397,2.46147311635166,17.9436470698751,16.1172176953327
NOR,2007,85502.2677087731,0.712589073634201,2.493,2.91404000653228,17.4801942568641,12.3514714981709
NOR,2008,97503.5407803783,3.75393081761005,2.521,0.481919549757933,19.5623032376289,15.6834391144207
NOR,2009,80347.5700665184,2.19738586853568,3.1,-1.94036472596633,11.1834511614486,11.6422035687715
NOR,2010,88163.2085931423,2.41890639481003,3.527,0.787051861494078,11.7024922937447,11.6594077914656
NOR,2011,101221.813476644,1.2849515880916,3.196,1.10565603382983,13.9654774195362,13.2546443935369
NOR,2012,102175.919298374,0.696864111498263,3.129,2.71795924894734,14.2404063984832,12.3837606139974
NOR,2013,103553.840134417,2.12048620353112,3.425,1.01619084044641,11.382325864348,10.1612781853654
NOR,2014,97666.6951838749,2.04170286707211,3.486,2.04813200438943,9.33042062435796,10.954886718139
NOR,2015,74809.9658049898,2.17113665389527,4.296,1.85733971623901,6.30707533712885,8.01360708862408
NOR,2016,70867.3609970749,3.55000000000007,4.68,1.16472423928819,4.45370478829667,3.98049523650322
NOR,2017,76131.8384032764,1.87510059552545,4.164,2.46374626574153,5.32177305367905,5.38896566318332
NOR,2018,82792.8427113304,2.76483134528797,3.801,0.828931500516902,8.37249317155127,7.94959431636823
NOR,2019,76430.5889473338,2.16773003305411,3.684,1.12374694968757,7.50494100953116,2.91600859889184
NOR,2020,68340.0181033702,1.28658490707996,4.424,-1.27817177234034,-1.90520211175549,1.14557292891118
NOR,2021,93072.8925119571,3.48388055266669,4.359,3.90868676830634,9.88845566684575,14.8001387979332
NOR,2022,109269.520580298,5.76412317852272,3.231,3.24622860260932,26.3778485776408,28.8474343707489
NOR,2023,87497.2179649556,5.51784987104659,3.574,0.0721204806030329,17.3450115935148,17.8549069647529
NOR,2024,86785.4334489176,3.14530134431081,4.0,2.09723059960317,14.0380663840976,15.579703439852
PER,1990,1199.66666756615,7481.66361124526,,-4.98256353646605,-8.07506913031864,-5.37288606183094
PER,1991,1527.38879472866,409.530166622023,4.926,2.2192591027909,-2.03561949299045,-4.3795451250649
PER,1992,1567.40910765128,73.5282942442641,5.068,-0.540509124723926,-3.45564098391274,-5.24379733033856
PER,1993,1487.67404314175,48.5799864468885,4.795,5.24357700773291,-2.91602081740528,-7.07477935578993
PER,1994,1879.36657757919,23.7369050565046,4.491,12.3083661848445,-1.89897442660201,-6.01858298886919
PER,1995,2189.53431515311,11.1287029707089,4.708,7.41139504735119,-1.32052252147377,-8.67435304434383
PER,1996,2226.91682429265,11.5379424115177,4.929,2.79897307912609,2.69892187661313,-6.59496815056511
PER,1997,2300.67200774461,8.56218948953653,4.762,6.47682442079709,0.489203059939963,-5.7922394566417
PER,1998,2156.39377651613,7.24782175213469,5.099,-0.391537555833821,-0.382751282398238,-6.01059688640088
PER,1999,1916.53397367908,3.46965996293019,5.011,1.49491064308833,-2.4080560935835,-2.74952502384786
PER,2000,1945.41338451698,3.75733833344474,4.959,2.69437139806912,-2.11652195100341,-2.98741137277728
PER,2001,1929.57273038846,1.97709878502053,5.068,0.617892325624297,-2.12538418973631,-2.31175794610238
PER,2002,2007.37019626753,0.193135003853722,4.84,5.45352893818767,-1.44786212121998,-2.02693936398419
PER,2003,2129.44114197634,2.25937753363072,4.15,4.16502313666112,-1.75029338788374,-1.61504289543387
PER,2004,2397.25147277714,3.66247320092233,4.71,4.95820320611745,-1.25179897777875,0.0288861085400799
PER,2005,2706.66947297608,1.61630193862544,4.87,6.28506032509601,-0.860503930225046,1.5088102611942
PER,2006,3129.55996496982,2.00225801248819,4.17,7.5288990440594,1.90229275059042,3.24050716695869
PER,2007,3581.0893081917,1.77998644680372,4.08,8.5183877690955,1.79163727026764,1.42931463476859
PER,2008,4197.58444634142,5.78587598206755,4.03,9.1265683014642,2.13398791767416,-4.41112077807089
PER,2009,4181.18755462253,2.936231535967,3.96,1.0958236592427,-1.1432907503996,-0.598288729210878
PER,2010,5072.11494019615,1.52832059732901,3.6,8.33245910749577,0.504151294551156,-2.41611244249563
PER,2011,5861.35793645245,3.36931095333853,3.477,6.32719240161117,1.3091239932421,-1.96422212136988
PER,2012,6519.37852981527,3.61121294940163,3.238,6.13972470560435,2.04375846181872,-2.87262299972341
PER,2013,6746.80025696601,2.76789666082002,3.575,5.85251821084928,1.05474597730014,-4.85170158694027
PER,2014,6667.13410360861,3.41194579807465,3.208,2.38215737180541,-0.3115795717996,-4.36595061444558
PER,2015,6231.71150338894,3.39809194746308,3.272,3.25224477218451,-2.40967246414886,-4.70878071644278
PER,2016,6217.03599995447,3.55717663556279,3.741,3.95331871520767,-1.76643473125096,-2.29429403266562
PER,2017,6736.16693725487,2.99490045809443,3.691,2.51883544233135,-3.41282464124008,-0.953080061958555
PER,2018,6978.49121548627,1.50915423024742,3.492,3.969351341365,-2.10453576583639,-1.27850714659718
PER,2019,7037.00803692604,2.25212191358027,3.379,2.24063176875049,-2.13920942147812,-0.726098966731838
PER,2020,6133.32552410183,2.00241205759292,7.179,-10.9333065010382,-9.66579337620001,0.781293621318144
PER,2021,6826.20255614477,4.27166381536798,5.097,13.3626240903125,-3.24203590484588,-2.24912985995392
PER,2022,7350.63034300417,8.33370630096231,4.291,2.8090335533015,,-4.05265015695666
PER,2023,7887.54185920108,6.45561348369586,4.899,-0.403242151494268,,0.329785902609557
PER,2024,8452.37167056621,2.00770739412712,5.199,3.30394098171516,,2.2093667985816
POL,1990,1731.2095094382,567.878800666191,,,,4.64853694341554
POL,1991,2235.54108862522,76.7694992087347,13.621,-7.01557879301123,,-2.50991404542249
POL,1992,2459.02068468253,46.0985621037431,13.645,2.51497861350261,,-3.29032970311139
POL,1993,2497.13055936127,36.9641666120718,14.393,3.73831029461471,,-6.02645744303895
POL,1994,2874.83163555069,32.9912766093523,14.825,5.292802066626,-1.94025270252273,0.57218339303966
POL,1995,3700.95956775144,27.951388563304,13.695,7.92965956313934,-1.99173742208724,0.59787790958511
POL,1996,4163.51195431959,19.7949669196707,12.684,6.09387747385628,-2.86068160011809,-2.02968632371393
POL,1997,4137.00831823145,14.91315861496,10.964,6.35890635030509,-2.99806041511312,-3.59238073994115
POL,1998,4533.5356551781,11.5978554257236,9.935,4.62161133761769,-2.84482645409537,-3.93707818430142
POL,1999,4415.50067547826,7.15407291179853,12.29,4.69918479192557,-1.45421683010855,-7.31498200628172
POL,2000,4520.64100449111,9.90017538843065,14.928,4.65633252988236,-3.60770498716855,-5.98021918224644
POL,2001,5015.23790036613,5.4083354556615,18.435,1.23374464400356,-4.64303678188729,-3.09972932809545
POL,2002,5223.45178967082,1.90528215048054,20.211,1.90119437968586,-4.50414846089646,-2.77624121851834
POL,2003,5720.81366178104,0.682701375787632,19.899,3.52337117234833,-5.6676403910113,-2.50410381576022
POL,2004,6711.72715262967,3.38264681884699,18.822,5.09079546409544,-5.1406161484799,-5.96912639653316
POL,2005,8043.92332253757,2.18379872390251,17.592,3.26082274679216,-3.80658073700308,-3.30488692842897
POL,2006,9068.85528307627,1.28469394366416,13.794,6.20210710934373,-3.26214044485851,-4.64906335604984
POL,2007,11272.5293683383,2.4587431238539,9.551,6.7604478527626,-1.87266169509765,-6.68396289819493
POL,2008,14048.5604672654,4.16497193524779,7.069,4.38377069274605,-3.39757861593792,-6.74648774312839
POL,2009,11556.3026866026,3.79539242483399,8.131,2.61512859291683,-6.15726161710443,-3.94518857698649
POL,2010,12567.7317676382,2.58069370250548,9.578,3.16892748258036,-6.14261436548399,-5.16657584018312
POL,2011,13867.6669408192,4.23940149625932,9.576,5.25546256612796,-4.1123831872808,-5.11055687403888
POL,2012,13087.420943321,3.56037151702793,10.031,1.51178167644575,-3.43789644208447,-4.11182485634079
POL,2013,13621.9023794031,0.991982606332335,10.293,0.684240607051805,-4.02382999301488,-1.98155143805472
POL,2014,14262.2841914116,0.0538213132399802,8.971,3.92050862390032,-3.36786219034783,-2.97288032663133
POL,2015,12637.5220324406,-0.874125874125862,7.475,4.43176700264478,-2.53252717229123,-1.3254755565429
POL,2016,12464.0110508476,-0.664767331433962,6.141,3.03117767594847,-2.65076957705417,-1.06875807090352
POL,2017,13913.3402919927,2.07593553673859,4.867,5.15245773325907,-1.58580874944162,-1.18631982461877
POL,2018,15658.2120316794,1.81295156542689,3.835,6.2458584723942,0.0711030565932835,-1.96597240687912
POL,2019,15874.5220531254,2.22747880938291,3.267,4.58045817256199,-0.525642748761954,-0.272945793712772
POL,2020,16150.9304813473,3.37446972618589,3.155,-2.03556882399977,-7.0279473310229,2.39835922164097
POL,2021,18635.5104895754,5.05502704719272,3.268,6.92718266052501,-2.30300903469373,-1.30156521580162
POL,2022,18891.2121169279,14.4294507575758,2.811,5.25545697386036,-3.0056919876808,-2.27455866454271
POL,2023,22145.2660647429,11.5289127961105,2.743,0.249610834017872,-4.54136329910865,1.53683077845046
POL,2024,25103.565661423,3.79060897630197,2.807,3.02841630700273,,0.30454349270969
PRT,1990,7884.61798756332,13.6305705693074,,3.95052317228428,-4.09564912986532,-0.230455705701948
PRT,1991,8958.9853330247,11.8494841773675,3.919,4.36820616663232,,-0.802786937062783
PRT,1992,10810.5665079626,9.55926033177508,3.985,1.08947689832507,,-0.171236849197464
PRT,1993,9534.6563637308,6.78377994665407,5.301,-2.04327729359404,,0.245135265861298
PRT,1994,9977.31990905771,5.42044019241626,6.709,0.964838285067799,,-2.20261544389875
PRT,1995,11781.3618502221,4.22281614099486,7.064,4.28278017236022,-5.2530335856168,-0.111582055664553
PRT,1996,12185.0914010629,3.06897732509789,7.298,3.50424653058748,-4.46118603341835,-4.0005138112894
PRT,1997,11575.5071124358,2.33686298314116,6.571,4.40086766458026,-3.30232414510721,-5.66728405930872
PRT,1998,12199.206385024,2.5727522590913,4.64,4.80796318953165,-4.7578258984341,-6.76039275351895
PRT,1999,12475.2917701476,2.34009490312169,4.579,3.90657779623113,-3.26504355377136,-8.85368265057396
PRT,2000,11526.3720667968,2.85303039287157,3.806,3.81617714108242,-2.79477904530133,-10.8233299998961
PRT,2001,11734.7649743954,4.36990330551793,3.829,1.94367213427915,-4.3478546188128,-10.4344116184086
PRT,2002,12936.6928204482,3.60034658290914,4.497,0.770924781247714,-2.8298697738699,-8.31755894208286
PRT,2003,15797.7821340276,3.21899090682895,6.132,-0.930521045062918,-5.22668032826222,-6.6669232574819
PRT,2004,18064.1580932987,2.36536204097302,6.319,1.78873552917291,-5.85713919020279,-7.98339399989486
PRT,2005,18780.12751241,2.27716394887834,7.582,0.781847569123585,-5.76609529156942,-9.60021052870909
PRT,2006,19839.4540499032,3.1076654587105,7.649,1.62503532956156,-4.04323411357633,-10.2302140524554
PRT,2007,22811.0564844365,2.45396528138743,7.965,2.50657937751231,-2.61004743120975,-9.65792414363096
PRT,2008,24949.0413566739,2.58850657657959,7.553,0.319247344434558,-3.19866613349795,-11.859800223599
PRT,2009,23151.2154130712,-0.835530021504157,9.432,-3.12207827545093,-9.08466747617272,-10.3235445210728
PRT,2010,22551.935098809,1.40257289895369,10.771,1.73762453640036,-10.5605264831269,-10.2611634070617
PRT,2011,23246.5425416481,3.65301100430724,12.715,-1.71352745905065,-7.61283585559707,-6.11854777822696
PRT,2012,20593.4274224109,2.77333854051586,15.509,-4.05090267621935,-6.69798488478169,-1.52721549957903
PRT,2013,21676.4859642714,0.274416666666663,16.237,-0.984106574148328,-5.39461842034654,1.53973827822347
PRT,2014,22120.6850127107,-0.278153367467428,13.88,0.741391420706506,-7.74089635147538,0.315317528197345
PRT,2015,19215.7813014347,0.48793862390472,12.405,1.58979803702681,-4.90672115331064,0.508297093307308
PRT,2016,19980.2808866516,0.607397074641719,11.058,2.00414129666575,-2.40641805769329,1.42555528145605
PRT,2017,21442.3842768879,1.36861411643472,8.878,3.31472008175986,-3.18015829193783,1.56389644169824
PRT,2018,23541.1401075289,0.993715683468326,6.966,2.94628343449202,-0.66927597793001,0.7276825303456
PRT,2019,23343.3628970034,0.338178410046034,6.422,2.74568432648596,-0.165695451526982,0.765771121812588
PRT,2020,22299.4044062173,-0.0124383299575305,6.85,-8.20463159324387,-5.64918031620775,-0.629832722737581
PRT,2021,24711.4510062111,1.26565719069044,6.712,5.55875672070374,-2.54806437941198,-0.672210743652409
PRT,2022,24620.5197587181,7.83269124233323,6.138,6.98584137580278,-0.273285769612775,-2.08477766426278
PRT,2023,27634.6183139773,4.31128191898672,6.498,3.09997909018263,1.34620484436594,0.553524092563558
PRT,2024,29292.242104753,2.41613187791884,6.5,2.13967177177636,0.412157811712277,2.07776282936738
SAU,1990,11054.7495049666,2.07715133531156,,9.4260985412794,,-3.52517261600741
SAU,1991,11847.1699534218,4.86111111111137,7.316,8.22077074524385,,-20.8052194236662
SAU,1992,11730.2687665244,-0.0770060064690921,7.2,4.58058206179402,,-12.9234890422041
SAU,1993,10884.8607880777,1.05579531442695,7.002,0.379835927354492,,-12.9691395981645
SAU,1994,10601.9196697805,0.564325478533149,6.733,0.952965973086691,,-7.74759220117338
SAU,1995,10786.4008952769,4.86843103056033,6.365,0.311708028499027,,-3.71007215329781
SAU,1996,11471.5045960191,1.22206054877756,5.804,3.30468254228352,,0.428246585132838
SAU,1997,11545.3455998551,0.0571506050626489,5.283,2.64731939948642,,0.183815312865694
SAU,1998,9836.05729768574,-0.37126675171199,4.752,2.80381183998992,,-8.94699931687039
SAU,1999,10452.1899400479,-1.33375489653896,4.346,-0.633393640920247,,0.254139328110494
SAU,2000,11714.5623675159,-1.12499838517645,4.57,4.71813422138024,,7.55444425839441
SAU,2001,10805.311325122,-1.12094804896791,4.618,0.344593196175438,,5.07959598329365
SAU,2002,10586.0543471363,0.247186492339686,5.265,-0.688390130317757,,6.26198626765415
SAU,2003,11487.220410693,0.612195358172966,5.563,8.76873381743964,,12.9967291873383
SAU,2004,13154.4978989446,0.5155078977673,5.822,8.63100545880309,,20.0686191554423
SAU,2005,15975.7473782258,0.479231671630955,6.051,5.94489623934835,,27.0702838379988
SAU,2006,17563.6145370639,2.20902314069647,6.254,3.31348473625901,,27.4448874249267
SAU,2007,18596.1502627898,4.16782358431579,5.734,2.21365396372528,,24.5483035341762
SAU,2008,22320.4888964331,9.87024816760266,5.085,6.2379875365458,,27.8314305903976
SAU,2009,17718.3911648365,5.0572227614833,5.377,-1.06671711240203,,5.88427740874122
SAU,2010,22028.3901426586,5.33941733020905,5.55,5.0395150823517,4.39157840467735,13.5423706949188
SAU,2011,27126.7498747702,5.8262163739404,5.77,11.758820686671,11.3940257271561,23.8816335912651
SAU,2012,28733.4375513452,2.86627029905053,5.622,5.76157382270968,11.6799058125109,22.8484723061974
SAU,2013,27865.465604962,3.51104209799866,5.6,2.94563789152025,5.46926748017726,18.3253067776542
SAU,2014,27805.4850319422,2.24185348779063,5.877,4.02467158380668,-3.40338719381643,9.86478118777848
SAU,2015,23256.1549553531,1.22269318552328,5.6,4.65512316652699,-14.9443295860792,-7.93818281494483
SAU,2016,22267.7217050387,2.05347076823965,5.6,1.70404739202878,-12.0343843725707,-3.91268584311643
SAU,2017,23929.2907135982,-0.834845735027162,5.89,1.18210705878283,-8.57965108882136,1.2254608961689
SAU,2018,29360.0658968566,2.46594308994843,6.029,3.2269508901591,-5.21398247858852,7.89890750977747
SAU,2019,29566.7933827436,-1.19298644533328,5.636,1.65158925617395,-3.97905319006053,3.64484004485363
SAU,2020,24338.8307301067,3.37234961012303,7.66,-3.80478901996312,-10.2054852387537,-4.51692116727614
SAU,2021,31920.7653655643,3.06328988941548,6.621,6.51959698325419,-1.99311190055249,4.56976271965319
SAU,2022,38510.2276211037,2.47407371925372,5.589,12.0005874752929,2.23510524060073,11.7294510759776
SAU,2023,36156.848337701,2.32708518362706,4.008,0.542592439393161,-1.77137739624355,2.12936776093395
SAU,2024,35121.6628687742,1.68792112375809,3.518,1.99650173436159,-2.48694716121509,-1.31101792310022
SWE,1990,30549.3185706762,10.3665533879493,,0.754674765275468,3.02668371403836,-2.42434625577459
SWE,1991,31776.6680192213,9.44462732944189,3.243,-1.14597485051154,-0.312198862835026,-1.69925055089858
SWE,1992,32753.4287003642,2.37436725111881,5.722,-1.15859275987265,-3.32763056562723,-3.10926994292047
SWE,1993,24389.8738124128,4.72817304626049,9.33,-2.06561636908388,-12.2361334494997,-1.95597245054897
SWE,1994,26045.5196995275,2.15813800724629,9.58,4.01576585901515,-10.4429113667248,0.324716704352822
SWE,1995,30254.0273028727,2.455148578184,8.897,4.09438992772475,-6.63082672467691,1.84997529476704
SWE,1996,33022.2444768661,0.533131978766238,9.547,1.70471985374236,-2.7743187044326,2.01824534931766
SWE,1997,30324.1845796306,0.658410256243526,10.359,3.06499186399252,-1.10572986422754,2.76074697809112
SWE,1998,30605.3669074811,-0.267132668354971,8.941,4.24583179417877,0.984663763212627,3.52452706086273
SWE,1999,30968.8710702052,0.462175756339138,7.607,4.20111929805536,0.944175408377924,3.92895025312135
SWE,2000,29632.5890811623,0.899143734041715,5.466,4.63112136551369,3.0745918568567,4.44605675274443
SWE,2001,27259.3174300217,2.40595834145436,4.73,1.36080642694121,1.62161687395001,6.17157591368188
SWE,2002,29957.7776664916,2.15848213589266,4.965,2.27772867861897,-0.872542229914647,4.65738421384444
SWE,2003,37292.2419727801,1.92565534892383,5.555,1.88102769675844,-0.928255984837548,5.85859579947661
SWE,2004,42758.0048564929,0.373659828721824,6.693,4.17958419343711,0.153822418086997,5.9556796683309
SWE,2005,43378.4077394363,0.453170852576138,7.81,2.79313782840156,1.70993605675463,6.02094308319672
SWE,2006,46531.3762240485,1.36021468627693,7.066,4.67607488877992,2.13533348366752,8.15775334805554
SWE,2007,53568.3057787832,2.21216883436733,6.161,3.22486814096095,3.32797425225723,8.14767813080375
SWE,2008,55817.1759726485,3.43704910602875,6.235,-0.923113250067971,2.02772922217312,7.92884141266609
SWE,2009,46707.6425044751,-0.494460544378051,8.351,-4.25561384207619,-0.622417561260298,5.96764869542423
SWE,2010,52542.5759090299,1.15798802715626,8.61,5.75076477579255,-0.25070997889914,5.92506783771235
SWE,2011,60379.4814599322,2.9611507382214,7.804,3.16388567406926,0.00712585803833226,5.51028500175062
SWE,2012,57749.5615420853,0.888377506923735,7.976,-0.414397702454409,-0.927186101739968,5.53304332576063
SWE,2013,60843.9888799369,-0.044292970148682,8.052,1.13766671801426,-1.38132277312656,4.70549381033489
SWE,2014,59583.4584491714,-0.179638494114635,7.954,2.29577238758284,-1.15448678067224,3.44736840993781
SWE,2015,51188.1652120493,-0.0467847449832812,7.432,4.38824673608589,0.350678904147924,2.71694586220694
SWE,2016,51703.5088332851,0.984269244577992,6.99,2.13117914731151,1.56895338532294,2.01094417852559
SWE,2017,53210.2233318965,1.79449904665599,6.718,1.88282184966646,1.6636743915015,2.18976179161859
SWE,2018,54018.4554391861,1.95353530127028,6.365,1.7702553546772,1.45247734487384,2.08249358421543
SWE,2019,51648.9892820514,1.78415097403835,6.833,2.60823012869524,1.46935644410244,5.21540072405935
SWE,2020,52568.5726980146,0.497367318853572,8.291,-1.93379704032216,-3.03629368892577,5.66402536162381
SWE,2021,60647.5416365347,2.16319736447143,8.803,5.2258643028773,-0.657264256814624,6.24035538176738
SWE,2022,54836.8907235124,8.36929098869189,7.417,1.25543620445816,0.725017042284637,4.02301740437692
SWE,2023,54950.2834725622,8.5486248974891,7.611,-0.204061304891439,0.135792708247364,6.2390117363286
SWE,2024,57117.4877440616,2.83581658224034,8.4,0.820071806703865,-0.674154520730369,6.4830167356985
THA,1990,1559.11209344755,5.86399474375828,,11.1671634446293,4.75076088438895,-8.53154931493564
THA,1991,1765.62267359529,5.70985259891396,2.63,8.5582603212423,4.83157683313042,-7.7075114905911
THA,1992,1971.60879910694,4.13914575077056,1.35,8.08338802345332,3.0416324608784,-5.65567692212436
THA,1993,2245.13688708983,3.31219168428468,1.49,8.25191591524627,2.09261677758282,-4.93050710851373
THA,1994,2517.70732641683,5.04774897680755,1.347,7.99702466720433,2.16348747252032,-5.49408768770675
THA,1995,2864.36515719866,5.81818181818192,1.1,8.12031534625378,2.90422499545952,-8.02329369982956
THA,1996,3054.65690806473,5.80510554737349,1.071,5.65194446499471,2.547145649855,-8.02658256605422
THA,1997,2473.14096982086,5.62579747129104,0.873,-2.75357515314082,-1.78928775388456,-2.01164910932919
THA,1998,1847.70379269771,7.9947287502746,3.404,-7.63403528600102,-6.24974343583918,12.5290469721114
THA,1999,2033.24490520569,0.284726459223034,2.968,4.57230775115542,-8.70793636345036,9.81128061226542
THA,2000,2005.97694514234,1.59196917460972,2.389,4.45524704335014,-1.80800304547301,7.36845240260665
THA,2001,1889.93432467144,1.62690887314091,2.6,3.44424900968372,-2.10743012396069,4.24027233043999
THA,2002,2089.75183111554,0.697308976625449,1.82,6.14903605210036,-6.78462808208711,3.46550516817668
THA,2003,2347.54001286066,1.80434994635721,1.54,7.18924330340971,1.38516947490646,3.13356400154557
THA,2004,2641.56268717857,2.7591492623108,1.51,6.28934214285795,1.05312711301109,1.59597338993786
THA,2005,2867.70383436062,4.54036919634535,1.35,4.18763842884337,2.32428442456074,-4.036464315232
THA,2006,3331.32043511773,4.63747436011765,1.22,4.96781089246107,1.78000233684965,1.04380762367253
THA,2007,3918.52817434581,2.24154095286803,1.18,5.43515169050809,0.123622030181238,5.92665423116418
THA,2008,4309.13509292986,5.46848949649845,1.18,1.72569884866334,0.465646756044059,0.319466151466348
THA,2009,4135.43986952819,-0.845716092316721,1.49,-0.690618232300579,-2.85075942674077,7.87655950254756
THA,2010,4973.86288823778,3.24758842443723,0.622,7.51339053261624,-0.582220649334368,3.3673246721925
THA,2011,5373.6232832898,3.80879058139634,0.66,0.840132083053334,-1.06094926153061,2.54217096328341
THA,2012,5725.52802835463,3.01489950334985,0.58,7.24279620249642,-1.17435105539427,-1.23233637957653
THA,2013,6018.08244729255,2.18488618530687,0.249,2.68749556320556,0.307888857756483,-2.10153458942232
THA,2014,5801.1978916205,1.8951418189878,0.576,0.984468863619426,-0.853493353799217,2.8582840987004
THA,2015,5688.85335397884,-0.900424963291569,0.597,3.13404724911635,-0.0457871016425243,6.91581517168622
THA,2016,5833.57715617098,0.188149704448143,0.688,3.43515771692182,0.28079973308049,10.5083543932086
THA,2017,6413.09182530343,0.665631893135106,0.83,4.1776810321001,-0.837778612991624,9.6310301918214
THA,2018,7099.77650081458,1.06389754183024,0.765,4.22287028746071,-0.382207288425559,5.61986314598972
THA,2019,7605.69657797759,0.706728601314311,0.716,2.11455779628278,0.0188882920721878,7.04854832033553
THA,2020,6985.64393892574,-0.845937147357041,1.099,-6.05003846851622,-4.49520181695474,4.14262484721343
THA,2021,7057.20754802279,1.23039541318384,1.215,1.55216608426647,-7.03367097376286,-2.14122151453674
THA,2022,6909.35281815827,-1.61068030486688,0.94,2.58037874709827,-4.8611386912151,-3.42898859482136
THA,2023,7195.10130919449,8.47805174421543,0.733,2.01775095328327,-2.20062108834927,1.6435576867934
THA,2024,7346.62022142185,1.36580540798037,0.781,2.54182067735289,-1.51139078709422,2.20678307557905
TUR,1990,2689.52621921233,60.3038691346447,,9.26614667149315,-2.98781204507605,-1.74238577195045
TUR,1991,2649.27259974439,65.978567991895,8.21,0.720279035610119,-5.2792584994943,0.165524841501632
TUR,1992,2743.65320297936,70.0761038690374,8.509,5.03563493896803,-4.31565584505857,-0.612175223712419
TUR,1993,3057.93737480422,66.0938429820004,8.962,7.65126520301509,-6.70055020339154,-3.56565306523328
TUR,1994,2176.2801813809,105.214986469202,8.577,-4.66814736394839,-3.88948578636222,2.01377036999334
TUR,1995,3845.98997887841,89.1133172248499,7.644,7.87826687618991,-2.93930064379237,-0.99616690058046
TUR,1996,4041.36210281686,80.4121511388042,6.629,7.15779847930847,-6.07419920947633,-0.973371226633304
TUR,1997,4197.37636165642,85.6693616499779,6.841,7.3578623747848,-5.71115644361705,-0.999933462545818
TUR,1998,4331.02761275037,84.6413434846314,6.888,1.90857064345151,-5.7043440196196,0.724544822196581
TUR,1999,3973.77763854116,64.8674876350757,7.687,-3.05277055759434,,-0.360379399136068
TUR,2000,4199.3798635759,54.9153705812683,6.495,6.98528697817062,,-3.61057524589502
TUR,2001,3052.2256706793,54.4001887619074,8.381,-5.45940838563062,,1.85959025093731
TUR,2002,3591.08628982587,44.964120947985,10.358,6.43550883793114,,-0.259990521546323
TUR,2003,4649.63668068586,21.6024384490573,10.542,5.79909321038525,,-2.39510781690365
TUR,2004,5979.6054216148,8.59826168115262,10.838,9.92540551918624,,-3.46160310805252
TUR,2005,7331.85429430255,8.17916036802008,10.636,9.11157745861635,,-4.12736838327371
TUR,2006,7990.08251407245,9.59724212288446,10.227,7.06762607623939,,-5.5679426761279
TUR,2007,9766.91734545294,8.75618090972632,10.285,5.10818513903604,,-5.39177822047968
TUR,2008,10913.4079047769,10.4441283764885,10.965,0.920118221365883,-1.82099814733587,-5.0844969449165
TUR,2009,9076.92472236977,6.25097663090626,14.026,-4.88269401706633,-5.0696117044268,-1.73697758122388
TUR,2010,10698.9699409757,8.56644420552976,11.879,8.54219848467686,-2.73706177865043,-5.70254261669491
TUR,2011,11373.6355760885,6.471879671151,9.789,10.9799625273598,-0.726181221783564,-8.81351105932507
TUR,2012,11776.7593362033,8.89156996512163,9.21,4.80762696633448,-0.127730797432328,-4.72096418758118
TUR,2013,12635.5570016068,7.49309030547693,9.713,8.48825689298511,0.279509002150069,-5.12686124176872
TUR,2014,12209.3862327674,8.85457271364316,9.901,4.60079447270559,0.269361188352854,-3.40746259930754
TUR,2015,11064.6494504662,7.67085364845885,10.304,5.80557386628684,0.376091561208709,-2.46735825450658
TUR,2016,10984.3643169061,7.7751341532833,10.899,3.32366508200445,-0.974999415026735,-2.54530792537505
TUR,2017,10756.3877677883,11.1443110840764,10.919,7.82585730002594,-2.60245067681052,-4.06783613710293
TUR,2018,9684.11819884721,16.3324638988929,10.956,3.46815306092219,-2.20511093526739,-1.85233343060557
TUR,2019,9395.23378001368,15.1768215720022,13.73,1.30162365464503,-3.92445523823865,1.9351600379275
TUR,2020,8798.11791709313,12.2789574462574,13.148,1.80306247087255,-4.46634618652819,-4.22284721473811
TUR,2021,9981.76398411336,19.5964926913324,11.969,11.811094450607,-1.26647365629945,-0.74064931592423
TUR,2022,10897.8397861365,72.3088359891207,10.465,5.44122511322401,-2.95717737537508,-4.99763806227356
TUR,2023,13375.0947282864,53.8594087593315,9.388,5.04512369812289,-4.29865292389269,-3.63367003503212
TUR,2024,15892.7157287241,58.5064507300342,8.8,3.3276230893799,-2.95931437041885,-0.766008235540632
USA,1990,23888.6000088133,5.39795643990325,,1.88596558187626,-3.66652222384702,-1.32399955459737
USA,1991,24342.2589048189,4.23496396453849,6.8,-0.108312882368935,-4.37032092052635,0.0462965293516911
USA,1992,25418.9907763319,3.02881967814969,7.5,3.52249717301392,-4.4235511501187,-0.791448803104507
USA,1993,26387.2937338171,2.95165696638559,6.9,2.75179586709815,-3.69654908560238,-1.23616054042839
USA,1994,27694.853416234,2.60744159215453,6.119,4.02902272983438,-2.79104450576323,-1.66925292387951
USA,1995,28690.8757013347,2.80541968853662,5.65,2.6844307317787,-1.97872992947805,-1.48644935848023
USA,1996,29967.7127181749,2.93120419993441,5.451,3.77277269119453,-1.38087842596705,-1.54496736206885
USA,1997,31459.1389804773,2.33768993730735,5.0,4.44712793566428,-0.231068191981285,-1.64061330890365
USA,1998,32853.6769523009,1.55227909874364,4.511,4.48313335374613,0.800633957150187,-2.37273875749317
USA,1999,34515.3902272076,2.18802719697358,4.219,4.78842504725272,1.28675895283118,-2.97598180084223
USA,2000,36329.9560727102,3.37685727149929,3.992,4.07758575682804,2.23364707407558,-3.92088614748242
USA,2001,37133.623113437,2.82617111885407,4.731,0.955538348341605,0.0139813817668225,-3.72407498836611
USA,2002,37997.7596573051,1.58603162650601,5.783,1.70044732643726,-2.84500673824356,-4.17333961025019
USA,2003,39490.2749557007,2.27009497336115,5.989,2.79560596320081,-4.07842677794594,-4.55898086099347
USA,2004,41724.6316287624,2.67723669309172,5.529,3.84777169556921,-3.82684952609685,-5.20485343641858
USA,2005,44123.4070679055,3.3927468454955,5.084,3.48354993555606,-3.03664584104647,-5.74598170416952
USA,2006,46302.0008800056,3.22594410070404,4.623,2.78453963650701,-2.10572233445438,-5.91101922107059
USA,2007,48050.2237771135,2.85267248150138,4.622,2.00385829784946,-2.43871470522591,-5.08872774231253
USA,2008,48570.0459804586,3.839100296651,5.784,0.113587249881704,-5.24151691008099,-4.71586121002055
USA,2009,47194.9433547336,-0.355546266299747,9.254,-2.57650022958367,-10.1899715654363,-2.62283669627863
USA,2010,48642.6100179312,1.6400434423899,9.633,2.69519257744442,-9.99381589076469,-2.87064270506825
USA,2011,50024.868799398,3.156841568622,8.949,1.56440685763506,-8.94621553014357,-2.91862137859132
USA,2012,51708.4011556577,2.06933726526067,8.069,2.28911338669843,-7.30438555695748,-2.57236812074952
USA,2013,53179.0127634561,1.46483265562717,7.375,2.11783009790057,-4.15958116422934,-2.01538414033942
USA,2014,54973.4207515712,1.62222297740817,6.168,2.52381981363968,-3.71382130799462,-2.10805505161045
USA,2015,56572.9188996063,0.118627135552451,5.28,2.94555045484053,-3.21367479650506,-2.2434721228246
USA,2016,57638.1018367192,1.26158320570536,4.869,1.81945147788167,-3.85269820589599,-2.11937229657855
USA,2017,59635.0984397965,2.13011000365961,4.355,2.45762229852507,-2.96455420661531,-1.88739358215214
USA,2018,62499.8744390068,2.44258329692817,3.896,2.96650506901305,-4.80773313491446,-2.13796218132331
USA,2019,64746.4506778863,1.81221007526021,3.669,2.58382533412825,-5.3986389282492,-2.06708055581828
USA,2020,63515.9491807833,1.23358439630629,8.055,-2.16302914036166,-14.6006322388777,-2.81809426941685
USA,2021,70205.050916026,4.69785886363742,5.349,6.05505293244555,-12.9309949937398,-3.68274086718403
USA,2022,76657.2488844403,8.00279982052121,3.65,2.51237531986017,-4.53512146933557,-3.87872626619871
USA,2023,81032.262117545,4.11633838374488,3.638,2.88755600749487,-7.39290954643173,-3.40030482379486
USA,2024,84534.0407841548,2.94952520485207,4.022,2.79300127716779,-7.32574628274261,-4.12262463415284
VNM,1990,98.7983370311401,,,5.10091813908369,,
VNM,1991,143.715270231936,,2.14,5.96084393218912,,
VNM,1992,144.549392371677,,2.109,8.64604745934572,,
VNM,1993,189.418573584332,,2.037,8.07273065739605,,
VNM,1994,229.857787265757,,1.972,8.83898095245374,,
VNM,1995,287.802661028593,,1.955,9.54048017491264,,
VNM,1996,337.051231790277,5.67499999999994,1.93,9.34001749939179,,-8.19224337661192
VNM,1997,361.643884085566,3.20952606261374,2.87,8.1520841433542,,-5.69221074168667
VNM,1998,361.350928411167,7.2661980440096,2.29,5.76445545848843,,-3.94713600744563
VNM,1999,375.994455900496,4.11710235771736,2.33,4.77358688344989,,4.10338164918913
VNM,2000,404.029784055118,-1.71033727851109,2.26,6.78731640463151,,3.54799694298148
VNM,2001,419.205677580901,-0.43154451172818,2.76,6.19289331233377,,2.08657136826562
VNM,2002,445.132861817313,3.83082838168467,2.12,6.32082099160833,,-1.72255927072095
VNM,2003,497.117089249256,3.23464817293927,2.25,6.89906349055258,,-4.88211706972335
VNM,2004,565.452284586212,7.75494748709601,2.14,7.53641060890386,,-2.10663701040253
VNM,2005,710.746759994861,8.28457243128677,2.078,7.54724772895918,,-0.971989162897
VNM,2006,807.756645117054,7.41801715108463,2.046,6.97795481056711,,-0.246704373698266
VNM,2007,925.640338348717,8.34444889773837,2.026,7.12950448605439,,-8.98165936412439
VNM,2008,1163.83195772873,23.1154483474477,1.889,5.66177120891362,,-10.9179529896098
VNM,2009,1226.16976051536,6.71698269988629,1.737,5.39789754014181,,-6.23310024019381
VNM,2010,1683.16182443979,9.20746648778413,1.114,6.42324482239482,,-2.90486815229253
VNM,2011,1950.92504174913,18.6777322770707,0.999,6.41316889681683,,0.136736251193688
VNM,2012,2185.11767654291,9.09470339557192,1.027,5.5045447041189,,4.82078231422777
VNM,2013,2359.51736472828,6.59267475899192,1.316,5.55351081026072,,3.62409015316054
VNM,2014,2546.38464459903,4.08455446637617,1.256,6.42224312118567,,4.00897026449707
VNM,2015,2577.56885340113,0.631200905175754,1.848,6.98715430598611,,-0.853052854546214
VNM,2016,2735.0604380416,2.66824816969082,1.848,6.69000892660424,,0.243099852637275
VNM,2017,2956.10992127753,3.52025688811617,1.874,6.94019037359206,,-0.586095207209378
VNM,2018,3222.31003125366,3.53962805942641,1.161,7.46500685572751,,1.90236367538642
VNM,2019,3440.90025375434,2.7958236745225,1.681,7.35926270105006,,3.91824395534242
VNM,2020,3534.03953482647,3.22093436652514,2.103,2.86541320912272,,4.34486906553373
VNM,2021,3704.1935590038,1.83471554810444,2.383,2.55372852648131,,-1.26284279203588
VNM,2022,4147.69777213621,3.15650749963129,1.57,8.53750046755788,,0.339101746979362
VNM,2023,4323.35031982451,3.25289282667662,1.645,5.06502391455075,,5.94503707253957
VNM,2024,4717.29028732449,3.62109273885843,1.602,7.09118746633975,,6.33411954374758
ZAF,1990,3093.48920352334,14.3209918914915,,-0.317760426540374,-3.15245287878649,1.23093530701266
ZAF,1991,3243.23616023953,15.3347785733672,23.137,-1.0182449675445,-3.20833556543633,1.03482370495216
ZAF,1992,3462.39400202835,13.874703748615,23.463,-2.13703284500521,-7.77388868608349,1.34745427194466
ZAF,1993,3399.64009566241,9.71742729803028,23.361,1.23355793864741,-8.078679346316,1.90438081566821
ZAF,1994,3488.59711541763,8.938563723594,23.067,3.20000000297172,-4.84119550439251,0.0192951572527621
ZAF,1995,3855.6340871567,8.68042421392631,22.705,3.10000000054411,-4.80429605618098,-1.45179160612888
ZAF,1996,3617.55336002932,7.35411972085333,22.5,4.29999999726792,-4.66611162805924,-1.0280828308777
ZAF,1997,3700.23554789867,8.59777611252274,22.549,2.60000000146347,-3.3619580064389,-1.31813387872595
ZAF,1998,3309.60933087472,6.88054521037351,22.739,0.50000000034143,-2.64728818513197,-1.43749682421619
ZAF,1999,3242.36830483958,5.18148905111697,22.884,2.39999999746338,-1.59283272266752,-0.445657419944882
ZAF,2000,3217.84693448467,5.33895913599828,22.788,4.20000000067826,-1.71684047324677,-0.125570459653346
ZAF,2001,2847.15191945908,5.70189483049608,22.652,2.70000000019104,-0.801927664009847,0.253001084795547
ZAF,2002,2688.23676032806,9.494713780996,22.579,3.70037440406668,-1.39209881025107,0.781937464700473
ZAF,2003,4062.21755993786,5.67942414068799,22.679,2.94907546754213,-2.26456368589691,-0.782449992267882
ZAF,2004,5221.46333731721,-0.692039437857687,22.567,4.55455990721774,-1.68236664045094,-2.50726120703613
ZAF,2005,5836.87663325127,2.06285308223427,22.472,5.27705197295467,-0.161839834643574,-2.7747758989594
ZAF,2006,6077.38293388876,3.2439076541923,22.304,5.60380645895889,0.781786917588248,-4.00012427594728
ZAF,2007,6591.85535960564,6.17781214809388,22.26,5.36047405394162,0.924679916294093,-4.86189160706926
ZAF,2008,6184.75474328399,9.90998456005467,22.407,3.1910438863288,-0.589095512830275,-5.18618108467679
ZAF,2009,6374.70560042992,7.23809523809527,23.523,-1.53808913525583,-4.46450848490935,-2.38458187361532
ZAF,2010,7973.47195771517,4.06749555950263,24.683,3.03973288127956,-4.44267265987092,-1.29901805615596
ZAF,2011,8646.05571071635,5.0008533879502,24.639,3.16855627858818,-5.46206329752573,-2.01967628513274
ZAF,2012,8076.97678479741,5.73797139141739,24.727,2.39623238465745,-4.23209308673638,-4.68373643403846
ZAF,2013,7331.65467384919,5.78016910069176,24.561,2.48546800826588,-4.18299310803963,-5.33837274756909
ZAF,2014,6856.73137092522,6.13282953059149,24.89,1.41382645223793,-3.43956150956059,-4.81243259488481
ZAF,2015,6112.27382485974,4.51869094892506,25.149,1.32186223678229,-4.56437663555894,-4.31028688643788
ZAF,2016,5651.20585165749,6.60290842394872,26.536,0.664552307858116,-3.46049874466043,-2.63361451678797
ZAF,2017,6618.33508255701,5.18618655524149,27.035,1.15794695181735,-4.65754447743392,-2.37436753188649
ZAF,2018,6914.1780318076,4.50987264867388,26.906,1.55678384721676,-5.69551397247214,-3.00051939426576
ZAF,2019,6533.71121032856,4.10285075461156,28.468,0.25993557687633,-5.75192703897,-2.61999067483039
ZAF,2020,5580.60383075189,3.23238831615113,29.217,-6.1689177146757,-9.92664872393274,2.00352275153333
ZAF,2021,6828.75624590017,4.61874544887136,34.007,4.85864865060148,-4.55050349618667,3.77241369345008
ZAF,2022,6534.24867783397,7.03987272546482,33.268,2.05813661692193,-4.14746885960386,-0.29618259812743
ZAF,2023,6034.27208964673,6.0752438457966,32.098,0.80610455095804,-4.20784933734428,-1.10356312207881
ZAF,2024,6267.186814093,4.36115246518962,32.279,0.534843531905139,,-0.642799797075048
